prinz_2818,google_3548,false
prinz_3206,google_3674,false
prinz_3212,google_3712,false
prinz_3245,google_3744,false
prinz_3256,google_259,false
prinz_3333,google_2409,false
prinz_3672,google_3870,false
prinz_4720,google_809,false
prinz_2,google_1255,false
prinz_3821,google_2192,false
prinz_9000,google_2417,false
prinz_8362,google_3867,false
prinz_7462,google_4863,false
prinz_1222,google_4328,false
prinz_6455,google_4513,false
prinz_4459,google_4518,false
prinz_4444,google_4552,false
prinz_8125,google_3851,false
prinz_3725,google_4057,false
prinz_5452,google_4471,false
prinz_542,google_4545,false
prinz_545,google_4597,false
prinz_8422,google_1,false
prinz_4253,google_3,false
prinz_1111,google_99,false
prinz_3951,google_2370,false
prinz_5729,google_2930,false
prinz_1909,google_538,false
prinz_1093,google_4254,false
prinz_50,google_4315,false
prinz_52,google_4411,false
prinz_12,google_4501,false
prinz_22,google_63,false
prinz_25,google_65,false
prinz_28,google_690,false
prinz_2234,google_1449,false
prinz_1922,google_1603,false
prinz_188,google_1867,false
prinz_365,google_1911,false
prinz_3768,google_2038,false
prinz_6792,google_2388,false
prinz_4281,google_2491,false
prinz_8235,google_2824,false
prinz_7491,google_4173,false
prinz_4910,google_4182,false
prinz_542,google_4193,false
prinz_9562,google_2935,true
prinz_1648,google_3486,true
prinz_5931,google_486,true
prinz_2912,google_3848,true
prinz_4330,google_1740,true
prinz_409,google_3023,true
prinz_268,google_4142,true
prinz_2867,google_1202,true
prinz_1964,google_125,true
prinz_225,google_976,true
prinz_351,google_1973,true
prinz_166,google_2150,true
prinz_3318,google_4006,true
prinz_1387,google_990,true
prinz_347,google_2696,true
prinz_1779,google_4597,true
prinz_9748,google_4238,true
prinz_2581,google_3601,true
prinz_2305,google_2756,true
prinz_2795,google_2702,true
prinz_3000,google_3281,true
prinz_5022,google_4018,true
prinz_5037,google_524,true
prinz_2070,google_2956,true
prinz_9559,google_581,true
prinz_317,google_2722,true
prinz_5056,google_2703,true
prinz_1139,google_3505,true
prinz_1150,google_4710,true
prinz_2707,google_4683,true
prinz_2873,google_1600,true
prinz_923,google_4909,true
prinz_2570,google_4522,true
prinz_2631,google_3041,true
prinz_3376,google_1639,true
prinz_2422,google_1443,true
prinz_2834,google_795,true
prinz_2476,google_3123,true
prinz_1968,google_2484,true
prinz_779,google_2579,false
prinz_2075,google_2581,false
prinz_2459,google_2607,false
prinz_2459,google_2750,false
prinz_2459,google_2673,false
prinz_4932,google_2832,false
prinz_4932,google_2607,false
prinz_4932,google_3014,false
prinz_5098,google_3244,false
prinz_6422,google_3641,false
prinz_3253,google_3720,false
prinz_5930,google_3781,false
prinz_2074,google_4021,false
prinz_615,google_4040,false
prinz_10007,google_4142,false
prinz_10005,google_4253,false
prinz_9655,google_4279,false
prinz_9647,google_4941,false