"prinz_1778","tripadvisor_2532","0.8405797101449276"
"prinz_670","tripadvisor_534","0.9583333333333334"
"prinz_6604","tripadvisor_7537","0.8"
"prinz_6175","tripadvisor_8030","1.0"
"prinz_200","tripadvisor_5868","1.0"
"prinz_5055","tripadvisor_2802","0.782258064516129"
"prinz_4330","tripadvisor_409","0.8787878787878788"
"prinz_5433","tripadvisor_5173","0.9137529137529138"
"prinz_2603","tripadvisor_2927","0.9166666666666667"
"prinz_2194","tripadvisor_6576","1.0"
"prinz_200","tripadvisor_4968","0.7171717171717171"
"prinz_2384","tripadvisor_2378","0.9166666666666666"
"prinz_251","tripadvisor_963","0.95"
"prinz_636","tripadvisor_1974","1.0"
"prinz_1687","tripadvisor_5669","0.7222222222222222"
"prinz_1421","tripadvisor_6479","0.8333333333333333"
"prinz_2189","tripadvisor_986","0.7070707070707071"
"prinz_2335","tripadvisor_1069","0.7777777777777778"
"prinz_1516","tripadvisor_1330","0.8181818181818182"
"prinz_351","tripadvisor_5780","1.0"
"prinz_1943","tripadvisor_2572","0.735042735042735"
"prinz_5605","tripadvisor_4603","0.7083333333333333"
"prinz_2248","tripadvisor_3032","0.7676767676767676"
"prinz_544","tripadvisor_493","1.0"
"prinz_2007","tripadvisor_515","0.9523809523809524"
"prinz_1866","tripadvisor_134","0.75"
"prinz_2116","tripadvisor_4825","0.9"
"prinz_3363","tripadvisor_3137","0.9166666666666667"
"prinz_2133","tripadvisor_2546","0.8055555555555555"
"prinz_803","tripadvisor_242","1.0"
"prinz_4933","tripadvisor_629","0.7624031007751938"
"prinz_1888","tripadvisor_2882","1.0"
"prinz_6146","tripadvisor_6308","0.8541666666666666"
"prinz_839","tripadvisor_426","0.9642857142857143"
"prinz_2190","tripadvisor_5537","0.7327898550724639"
"prinz_814","tripadvisor_6761","0.75"
"prinz_4046","tripadvisor_4994","0.75"
"prinz_4319","tripadvisor_4727","0.75"
"prinz_2494","tripadvisor_4365","1.0"
"prinz_2605","tripadvisor_3132","1.0"
"prinz_2779","tripadvisor_5112","0.8888888888888888"
"prinz_253","tripadvisor_560","0.7333333333333334"
"prinz_358","tripadvisor_5720","0.7291666666666666"
"prinz_6679","tripadvisor_3111","0.8266666666666667"
"prinz_2571","tripadvisor_2879","0.7843137254901961"
"prinz_3050","tripadvisor_1564","0.8095238095238096"
"prinz_2320","tripadvisor_6071","0.7666666666666666"
"prinz_2298","tripadvisor_2650","1.0"
"prinz_2575","tripadvisor_7082","0.8492063492063492"
"prinz_1647","tripadvisor_6334","0.9166666666666666"
"prinz_5098","tripadvisor_7591","0.8076923076923077"
"prinz_7508","tripadvisor_5648","1.0"
"prinz_2339","tripadvisor_6625","0.9444444444444445"
"prinz_853","tripadvisor_5755","1.0"
"prinz_702","tripadvisor_6928","1.0"
"prinz_2620","tripadvisor_4808","0.7098765432098766"
"prinz_9666","tripadvisor_2701","0.8478260869565217"
"prinz_9730","tripadvisor_7488","0.8055555555555556"
"prinz_2609","tripadvisor_6019","0.8"
"prinz_2676","tripadvisor_4601","0.8888888888888888"
"prinz_8219","tripadvisor_6628","0.7083333333333334"
"prinz_3006","tripadvisor_384","0.8076923076923077"
"prinz_4345","tripadvisor_2792","0.7916666666666666"
"prinz_1784","tripadvisor_5153","0.7916666666666666"
"prinz_1628","tripadvisor_2627","0.9236111111111112"
"prinz_9601","tripadvisor_7497","1.0"
"prinz_2311","tripadvisor_5697","1.0"
"prinz_1594","tripadvisor_19","0.7333333333333334"
"prinz_2455","tripadvisor_181","0.75"
"prinz_5375","tripadvisor_349","0.9166666666666667"
"prinz_9727","tripadvisor_6485","0.8020833333333333"
"prinz_2911","tripadvisor_372","1.0"
"prinz_4946","tripadvisor_1811","0.8333333333333334"
"prinz_1501","tripadvisor_6980","0.7647058823529411"
"prinz_573","tripadvisor_2384","0.9047619047619048"
"prinz_349","tripadvisor_6816","0.7435897435897436"
"prinz_9563","tripadvisor_2121","0.8055555555555555"
"prinz_290","tripadvisor_4881","1.0"
"prinz_221","tripadvisor_7292","0.7663636363636364"
"prinz_1415","tripadvisor_4365","0.7666666666666666"
"prinz_2988","tripadvisor_6688","0.9666666666666667"
"prinz_5766","tripadvisor_7524","0.7307692307692308"
"prinz_5435","tripadvisor_7681","0.7333333333333334"
"prinz_2069","tripadvisor_3813","1.0"
"prinz_3684","tripadvisor_4533","0.96875"
"prinz_1657","tripadvisor_3061","0.9393939393939394"
"prinz_9510","tripadvisor_7153","0.7402817770464829"
"prinz_2263","tripadvisor_6598","1.0"
"prinz_1027","tripadvisor_7420","0.9166666666666667"
"prinz_8529","tripadvisor_8097","0.896551724137931"
"prinz_2107","tripadvisor_1081","1.0"
"prinz_893","tripadvisor_5772","1.0"
"prinz_941","tripadvisor_6426","0.875"
"prinz_5036","tripadvisor_6986","0.75"
"prinz_4188","tripadvisor_7442","1.0"
"prinz_2471","tripadvisor_348","0.7279693486590038"
"prinz_483","tripadvisor_1333","0.8148148148148149"
"prinz_1486","tripadvisor_5448","1.0"
"prinz_2521","tripadvisor_7087","0.9423076923076923"
"prinz_8742","tripadvisor_1945","0.7344322344322345"
"prinz_757","tripadvisor_3355","1.0"
"prinz_2076","tripadvisor_6088","0.9797297297297297"
"prinz_4348","tripadvisor_2256","0.8823529411764706"
"prinz_2495","tripadvisor_1089","1.0"
"prinz_638","tripadvisor_243","1.0"
"prinz_2449","tripadvisor_3013","0.7407407407407408"
"prinz_1033","tripadvisor_183","1.0"
"prinz_1858","tripadvisor_6428","0.9803921568627452"
"prinz_1537","tripadvisor_3093","0.9404761904761905"
"prinz_1535","tripadvisor_6324","0.7017543859649122"
"prinz_1417","tripadvisor_297","0.75"
"prinz_540","tripadvisor_4289","0.7619047619047619"
"prinz_2381","tripadvisor_7031","1.0"
"prinz_265","tripadvisor_6837","0.7984984984984985"
"prinz_4929","tripadvisor_6510","0.75"
"prinz_2183","tripadvisor_5931","0.9523809523809524"
"prinz_353","tripadvisor_3106","1.0"
"prinz_2216","tripadvisor_5879","0.7173913043478262"
"prinz_7195","tripadvisor_516","0.7959770114942528"
"prinz_1715","tripadvisor_2616","0.8205128205128206"
"prinz_7470","tripadvisor_1375","0.7626262626262627"
"prinz_7334","tripadvisor_2231","0.7333333333333334"
"prinz_2968","tripadvisor_7130","0.8461538461538461"
"prinz_581","tripadvisor_6996","0.9761904761904763"
"prinz_9426","tripadvisor_7640","1.0"
"prinz_4928","tripadvisor_536","1.0"
"prinz_5589","tripadvisor_6607","0.7058823529411765"
"prinz_4832","tripadvisor_6642","0.8333333333333334"
"prinz_2392","tripadvisor_5935","0.8484848484848485"
"prinz_2551","tripadvisor_4874","1.0"
"prinz_2584","tripadvisor_6165","0.8253968253968255"
"prinz_518","tripadvisor_1295","0.7719298245614036"
"prinz_2258","tripadvisor_2271","0.9375"
"prinz_6176","tripadvisor_693","0.75"
"prinz_6825","tripadvisor_360","0.8787878787878788"
"prinz_1930","tripadvisor_7306","0.8163875598086126"
"prinz_2895","tripadvisor_1414","0.7037037037037037"
"prinz_4345","tripadvisor_1111","0.9444444444444445"
"prinz_2184","tripadvisor_7559","0.7051282051282052"
"prinz_9606","tripadvisor_7278","0.7190476190476192"
"prinz_8898","tripadvisor_2459","1.0"
"prinz_2278","tripadvisor_346","1.0"
"prinz_3000","tripadvisor_6048","1.0"
"prinz_2696","tripadvisor_4303","0.8627858627858629"
"prinz_2301","tripadvisor_6472","0.9523809523809524"
"prinz_556","tripadvisor_3744","1.0"
"prinz_1166","tripadvisor_7363","1.0"
"prinz_3082","tripadvisor_1163","0.9523809523809524"
"prinz_2868","tripadvisor_8131","1.0"
"prinz_2585","tripadvisor_6487","1.0"
"prinz_5030","tripadvisor_5258","0.7027310924369747"
"prinz_380","tripadvisor_381","1.0"
"prinz_1807","tripadvisor_2092","1.0"
"prinz_5042","tripadvisor_6922","0.8947368421052632"
"prinz_4652","tripadvisor_6812","0.7037037037037037"
"prinz_1223","tripadvisor_4426","1.0"
"prinz_2573","tripadvisor_1579","1.0"
"prinz_2971","tripadvisor_1184","1.0"
"prinz_8571","tripadvisor_2289","0.75"
"prinz_8985","tripadvisor_7518","0.7564102564102564"
"prinz_780","tripadvisor_5204","1.0"
"prinz_470","tripadvisor_357","1.0"
"prinz_1455","tripadvisor_6819","0.7037037037037037"
"prinz_1326","tripadvisor_5677","0.888888888888889"
"prinz_1203","tripadvisor_6950","0.9605263157894737"
"prinz_6146","tripadvisor_225","0.75"
"prinz_7216","tripadvisor_8028","0.84375"
"prinz_4947","tripadvisor_7078","1.0"
"prinz_9532","tripadvisor_3266","0.9090909090909092"
"prinz_2222","tripadvisor_2799","0.9545454545454546"
"prinz_1759","tripadvisor_2301","0.9166666666666666"
"prinz_1099","tripadvisor_206","1.0"
"prinz_2181","tripadvisor_5526","0.9523809523809524"
"prinz_2022","tripadvisor_6198","0.7708333333333333"
"prinz_2376","tripadvisor_1092","0.7777777777777778"
"prinz_9623","tripadvisor_7432","1.0"
"prinz_823","tripadvisor_1057","0.7546048722519311"
"prinz_3490","tripadvisor_4675","0.7884615384615384"
"prinz_5100","tripadvisor_8044","0.8409090909090909"
"prinz_1984","tripadvisor_6548","0.9563492063492062"
"prinz_5566","tripadvisor_3215","0.7258064516129032"
"prinz_5205","tripadvisor_2982","1.0"
"prinz_419","tripadvisor_6823","0.9027777777777777"
"prinz_821","tripadvisor_4523","0.7391304347826088"
"prinz_5710","tripadvisor_7739","0.7647058823529411"
"prinz_1103","tripadvisor_6394","0.986842105263158"
"prinz_2191","tripadvisor_1098","0.7201465201465201"
"prinz_3015","tripadvisor_2290","0.9090909090909092"
"prinz_1137","tripadvisor_1836","1.0"
"prinz_9007","tripadvisor_6871","0.8547008547008547"
"prinz_2124","tripadvisor_6352","1.0"
"prinz_2458","tripadvisor_407","0.9333333333333332"
"prinz_679","tripadvisor_895","0.7320261437908497"
"prinz_7209","tripadvisor_4752","0.7083333333333334"
"prinz_2249","tripadvisor_6085","0.8333333333333334"
"prinz_439","tripadvisor_305","0.861111111111111"
"prinz_571","tripadvisor_498","0.975"
"prinz_1241","tripadvisor_4392","0.7931034482758621"
"prinz_2631","tripadvisor_7002","1.0"
"prinz_2476","tripadvisor_2867","0.9090909090909092"
"prinz_1128","tripadvisor_8083","0.7727272727272727"
"prinz_6532","tripadvisor_8046","0.8793103448275862"
"prinz_201","tripadvisor_522","0.9305555555555555"
"prinz_1106","tripadvisor_1401","1.0"
"prinz_2531","tripadvisor_335","1.0"
"prinz_1565","tripadvisor_4879","0.8245614035087719"
"prinz_1122","tripadvisor_7326","0.984375"
"prinz_2735","tripadvisor_3083","0.7272727272727273"
"prinz_9670","tripadvisor_1842","0.75"
"prinz_9600","tripadvisor_8112","0.8095238095238095"
"prinz_2854","tripadvisor_7286","0.8461538461538461"
"prinz_3955","tripadvisor_4002","0.7678571428571428"
"prinz_249","tripadvisor_750","0.868421052631579"
"prinz_2880","tripadvisor_1255","0.7041847041847041"
"prinz_6605","tripadvisor_7554","0.8333333333333333"
"prinz_9684","tripadvisor_5331","0.7037037037037037"
"prinz_1857","tripadvisor_4243","0.85"
"prinz_9801","tripadvisor_4607","1.0"
"prinz_1291","tripadvisor_1796","0.7222222222222222"
"prinz_3171","tripadvisor_1351","1.0"
"prinz_1673","tripadvisor_2204","0.9166666666666666"
"prinz_9425","tripadvisor_8118","0.9666666666666667"
"prinz_1177","tripadvisor_5828","0.7976190476190477"
"prinz_7347","tripadvisor_5390","1.0"
"prinz_2338","tripadvisor_7042","1.0"
"prinz_2337","tripadvisor_623","0.7222222222222222"
"prinz_183","tripadvisor_6076","0.8153594771241831"
"prinz_2965","tripadvisor_6790","0.9137931034482758"
"prinz_703","tripadvisor_17","0.8137651821862348"
"prinz_940","tripadvisor_3361","0.7017543859649122"
"prinz_2656","tripadvisor_5532","0.782608695652174"
"prinz_2601","tripadvisor_2566","0.9743589743589745"
"prinz_1865","tripadvisor_815","0.9705882352941176"
"prinz_2519","tripadvisor_6321","0.9088235294117647"
"prinz_2133","tripadvisor_2289","0.8958333333333333"
"prinz_2473","tripadvisor_253","0.9047619047619048"
"prinz_994","tripadvisor_6696","0.7424242424242425"
"prinz_536","tripadvisor_4341","1.0"
"prinz_2073","tripadvisor_4398","0.7777777777777778"
"prinz_1150","tripadvisor_928","0.8293650793650793"
"prinz_2061","tripadvisor_181","0.775"
"prinz_2952","tripadvisor_3071","1.0"
"prinz_296","tripadvisor_506","0.7666666666666666"
"prinz_2989","tripadvisor_1113","1.0"
"prinz_804","tripadvisor_3795","0.7037037037037037"
"prinz_748","tripadvisor_7033","0.8414918414918415"
"prinz_7927","tripadvisor_6302","0.825"
"prinz_2562","tripadvisor_6543","1.0"
"prinz_2707","tripadvisor_677","0.7138888888888889"
"prinz_889","tripadvisor_258","0.7638888888888888"
"prinz_710","tripadvisor_7355","0.7309941520467836"
"prinz_6200","tripadvisor_8064","0.9615384615384616"
"prinz_740","tripadvisor_6907","0.9833333333333334"
"prinz_763","tripadvisor_4474","0.8194444444444445"
"prinz_2693","tripadvisor_7015","0.7777777777777778"
"prinz_1100","tripadvisor_228","0.8888888888888888"
"prinz_5637","tripadvisor_7618","0.75"
"prinz_540","tripadvisor_1133","1.0"
"prinz_1366","tripadvisor_4915","1.0"
"prinz_4046","tripadvisor_7495","0.7857142857142857"
"prinz_1163","tripadvisor_7080","0.7920536635706914"
"prinz_1980","tripadvisor_295","0.9642857142857143"
"prinz_6119","tripadvisor_181","0.7068965517241379"
"prinz_2057","tripadvisor_7418","0.9523809523809524"
"prinz_6146","tripadvisor_727","0.7758620689655172"
"prinz_9122","tripadvisor_4388","1.0"
"prinz_6153","tripadvisor_4805","0.7142857142857143"
"prinz_2937","tripadvisor_738","0.9375"
"prinz_4925","tripadvisor_6977","0.9655172413793104"
"prinz_1791","tripadvisor_6888","0.7366946778711485"
"prinz_1624","tripadvisor_4904","0.7222222222222222"
"prinz_6666","tripadvisor_4761","0.7142857142857143"
"prinz_2239","tripadvisor_1254","1.0"
"prinz_641","tripadvisor_7267","0.888888888888889"
"prinz_7936","tripadvisor_7704","0.8333333333333333"
"prinz_643","tripadvisor_453","1.0"
"prinz_2564","tripadvisor_7142","1.0"
"prinz_169","tripadvisor_6845","1.0"
"prinz_1852","tripadvisor_8103","0.7926829268292683"
"prinz_1517","tripadvisor_3316","0.7838601823708207"
"prinz_1897","tripadvisor_7344","0.9583333333333333"
"prinz_1602","tripadvisor_5308","1.0"
"prinz_6151","tripadvisor_7535","1.0"
"prinz_925","tripadvisor_1722","1.0"
"prinz_2246","tripadvisor_5515","0.7901234567901234"
"prinz_2622","tripadvisor_6528","1.0"
"prinz_1013","tripadvisor_1238","0.7307692307692308"
"prinz_3152","tripadvisor_6711","0.861111111111111"
"prinz_1470","tripadvisor_1363","1.0"
"prinz_1279","tripadvisor_7439","0.7916666666666666"
"prinz_709","tripadvisor_327","1.0"
"prinz_2128","tripadvisor_4732","1.0"
"prinz_1226","tripadvisor_6027","0.7375"
"prinz_216","tripadvisor_5042","0.9"
"prinz_798","tripadvisor_2440","0.9523809523809524"
"prinz_5428","tripadvisor_690","0.8666666666666667"
"prinz_1902","tripadvisor_508","0.7246376811594203"
"prinz_355","tripadvisor_1235","1.0"
"prinz_8313","tripadvisor_7900","1.0"
"prinz_2230","tripadvisor_2368","0.8333333333333334"
"prinz_3034","tripadvisor_5614","1.0"
"prinz_2369","tripadvisor_7153","0.7016317016317016"
"prinz_2671","tripadvisor_7435","1.0"
"prinz_8700","tripadvisor_6326","1.0"
"prinz_9566","tripadvisor_7438","0.9891304347826086"
"prinz_2168","tripadvisor_7058","0.7727272727272728"
"prinz_2675","tripadvisor_7155","0.8214285714285715"
"prinz_2610","tripadvisor_1708","0.7666666666666666"
"prinz_2670","tripadvisor_1945","0.9615384615384616"
"prinz_2179","tripadvisor_748","0.8888888888888888"
"prinz_2517","tripadvisor_2662","0.8666666666666667"
"prinz_1967","tripadvisor_6294","0.9378881987577641"
"prinz_923","tripadvisor_257","0.9444444444444445"
"prinz_1554","tripadvisor_3296","0.875"
"prinz_1295","tripadvisor_6457","0.8273809523809523"
"prinz_4779","tripadvisor_2137","0.888888888888889"
"prinz_1521","tripadvisor_6","1.0"
"prinz_942","tripadvisor_743","0.984375"
"prinz_8626","tripadvisor_3089","0.7862903225806451"
"prinz_543","tripadvisor_740","1.0"
"prinz_680","tripadvisor_905","1.0"
"prinz_2336","tripadvisor_5157","1.0"
"prinz_2207","tripadvisor_4131","0.888888888888889"
"prinz_5847","tripadvisor_3943","0.7166666666666667"
"prinz_2046","tripadvisor_2801","1.0"
"prinz_272","tripadvisor_5843","1.0"
"prinz_2667","tripadvisor_7133","0.8958333333333333"
"prinz_466","tripadvisor_6502","1.0"
"prinz_688","tripadvisor_6782","0.9333333333333332"
"prinz_429","tripadvisor_1010","1.0"
"prinz_1756","tripadvisor_3257","0.8596491228070176"
"prinz_2655","tripadvisor_2843","0.7936507936507936"
"prinz_1885","tripadvisor_4921","0.8461538461538461"
"prinz_1351","tripadvisor_1376","0.75"
"prinz_9113","tripadvisor_7060","0.75"
"prinz_2075","tripadvisor_6764","0.8055555555555555"
"prinz_1731","tripadvisor_6514","0.8625"
"prinz_9325","tripadvisor_264","0.9642857142857143"
"prinz_2941","tripadvisor_4870","1.0"
"prinz_705","tripadvisor_894","0.7291666666666666"
"prinz_1134","tripadvisor_7192","0.7352941176470589"
"prinz_693","tripadvisor_5746","1.0"
"prinz_4233","tripadvisor_1400","0.8099999999999999"
"prinz_2154","tripadvisor_6201","1.0"
"prinz_392","tripadvisor_4746","1.0"
"prinz_1081","tripadvisor_6572","0.8095238095238096"
"prinz_206","tripadvisor_5800","1.0"
"prinz_2303","tripadvisor_3187","0.7962962962962963"
"prinz_2686","tripadvisor_2615","0.9666666666666667"
"prinz_1325","tripadvisor_1602","0.7343434343434344"
"prinz_2743","tripadvisor_2135","0.7487922705314011"
"prinz_455","tripadvisor_6773","1.0"
"prinz_2095","tripadvisor_6131","1.0"
"prinz_1716","tripadvisor_7106","0.8194444444444444"
"prinz_9749","tripadvisor_1025","0.9166666666666666"
"prinz_733","tripadvisor_1005","1.0"
"prinz_1186","tripadvisor_6632","0.8134920634920634"
"prinz_9712","tripadvisor_7072","1.0"
"prinz_1728","tripadvisor_7201","0.8690476190476191"
"prinz_9688","tripadvisor_832","1.0"
"prinz_8110","tripadvisor_3098","0.7058823529411764"
"prinz_907","tripadvisor_535","1.0"
"prinz_451","tripadvisor_6442","1.0"
"prinz_1726","tripadvisor_7036","0.7047697368421053"
"prinz_2859","tripadvisor_370","0.9396551724137931"
"prinz_8473","tripadvisor_4512","0.75"
"prinz_1577","tripadvisor_7064","1.0"
"prinz_3151","tripadvisor_2168","1.0"
"prinz_1113","tripadvisor_1046","0.8970588235294118"
"prinz_1559","tripadvisor_10","1.0"
"prinz_2811","tripadvisor_6985","1.0"
"prinz_2265","tripadvisor_2193","0.8529411764705882"
"prinz_2966","tripadvisor_719","1.0"
"prinz_270","tripadvisor_6672","0.7291666666666666"
"prinz_2068","tripadvisor_763","1.0"
"prinz_3086","tripadvisor_2885","0.9629629629629629"
"prinz_9343","tripadvisor_1050","0.7391304347826086"
"prinz_1527","tripadvisor_4936","1.0"
"prinz_1789","tripadvisor_6168","1.0"
"prinz_6516","tripadvisor_7481","0.8157894736842105"
"prinz_2241","tripadvisor_665","1.0"
"prinz_5912","tripadvisor_5789","0.8555555555555556"
"prinz_5876","tripadvisor_6871","0.7272727272727273"
"prinz_407","tripadvisor_6819","0.8333333333333333"
"prinz_379","tripadvisor_578","0.9555555555555556"
"prinz_2155","tripadvisor_6374","0.75"
"prinz_9517","tripadvisor_455","1.0"
"prinz_2784","tripadvisor_5860","1.0"
"prinz_4194","tripadvisor_1952","1.0"
"prinz_2809","tripadvisor_4415","0.7894736842105263"
"prinz_3011","tripadvisor_6753","0.8333333333333334"
"prinz_593","tripadvisor_4891","0.9166666666666666"
"prinz_1705","tripadvisor_606","0.8902439024390245"
"prinz_5595","tripadvisor_2241","1.0"
"prinz_2755","tripadvisor_6627","0.9880952380952381"
"prinz_5181","tripadvisor_8091","0.9666666666666667"
"prinz_1065","tripadvisor_6828","1.0"
"prinz_1644","tripadvisor_7101","0.7290322580645162"
"prinz_612","tripadvisor_5804","1.0"
"prinz_4286","tripadvisor_7127","0.9833333333333334"
"prinz_4890","tripadvisor_4662","0.8194444444444444"
"prinz_507","tripadvisor_1058","0.7962962962962963"
"prinz_844","tripadvisor_2123","1.0"
"prinz_1785","tripadvisor_320","0.8333333333333333"
"prinz_940","tripadvisor_2020","1.0"
"prinz_2783","tripadvisor_4243","0.7722222222222223"
"prinz_1082","tripadvisor_6562","1.0"
"prinz_8945","tripadvisor_7523","0.86"
"prinz_165","tripadvisor_6886","1.0"
"prinz_2395","tripadvisor_7382","1.0"
"prinz_2098","tripadvisor_5589","1.0"
"prinz_1822","tripadvisor_6569","0.9231884057971014"
"prinz_5766","tripadvisor_1315","0.7310606060606061"
"prinz_2432","tripadvisor_5164","1.0"
"prinz_2920","tripadvisor_1016","1.0"
"prinz_2519","tripadvisor_7957","1.0"
"prinz_2200","tripadvisor_4481","0.8888888888888888"
"prinz_1582","tripadvisor_954","1.0"
"prinz_811","tripadvisor_4880","0.8666666666666667"
"prinz_859","tripadvisor_7212","0.8045634920634921"
"prinz_1905","tripadvisor_4","0.9285714285714286"
"prinz_1683","tripadvisor_6660","0.9782608695652174"
"prinz_263","tripadvisor_5189","0.7941176470588236"
"prinz_1307","tripadvisor_152","1.0"
"prinz_2061","tripadvisor_7174","0.725"
"prinz_1009","tripadvisor_6668","0.890625"
"prinz_1114","tripadvisor_3334","1.0"
"prinz_656","tripadvisor_2874","0.8055555555555555"
"prinz_522","tripadvisor_2358","1.0"
"prinz_4764","tripadvisor_236","0.8958333333333333"
"prinz_7941","tripadvisor_6796","0.7126623376623377"
"prinz_7216","tripadvisor_1571","0.8125"
"prinz_2492","tripadvisor_1820","1.0"
"prinz_6385","tripadvisor_1141","0.703125"
"prinz_395","tripadvisor_6772","1.0"
"prinz_1000","tripadvisor_7180","0.7142857142857143"
"prinz_941","tripadvisor_2301","0.7361111111111112"
"prinz_1946","tripadvisor_3339","0.9838709677419355"
"prinz_1206","tripadvisor_6997","0.7805039787798409"
"prinz_4997","tripadvisor_7136","1.0"
"prinz_1743","tripadvisor_6619","0.9305555555555556"
"prinz_707","tripadvisor_6957","0.861111111111111"
"prinz_6363","tripadvisor_8110","0.9583333333333333"
"prinz_174","tripadvisor_5567","1.0"
"prinz_285","tripadvisor_7262","1.0"
"prinz_1049","tripadvisor_6873","1.0"
"prinz_3794","tripadvisor_1195","0.75"
"prinz_1948","tripadvisor_5574","0.875"
"prinz_2479","tripadvisor_6909","0.8888888888888888"
"prinz_2606","tripadvisor_638","0.8888888888888888"
"prinz_336","tripadvisor_240","1.0"
"prinz_9513","tripadvisor_6671","1.0"
"prinz_1745","tripadvisor_2250","0.9038461538461539"
"prinz_1926","tripadvisor_5169","0.7222222222222222"
"prinz_6172","tripadvisor_1338","0.7666666666666666"
"prinz_755","tripadvisor_6284","1.0"
"prinz_7665","tripadvisor_1795","1.0"
"prinz_3989","tripadvisor_6076","0.9523809523809524"
"prinz_7104","tripadvisor_3389","0.8571428571428572"
"prinz_724","tripadvisor_4319","0.7816091954022988"
"prinz_9287","tripadvisor_2905","1.0"
"prinz_319","tripadvisor_6826","0.8387096774193549"
"prinz_1431","tripadvisor_5745","0.7676767676767676"
"prinz_2540","tripadvisor_1563","1.0"
"prinz_1760","tripadvisor_5713","1.0"
"prinz_783","tripadvisor_630","1.0"
"prinz_1138","tripadvisor_192","1.0"
"prinz_453","tripadvisor_7062","1.0"
"prinz_269","tripadvisor_5649","1.0"
"prinz_6316","tripadvisor_6167","0.7222222222222222"
"prinz_2634","tripadvisor_7315","0.9220779220779222"
"prinz_3366","tripadvisor_7524","0.7083333333333333"
"prinz_2409","tripadvisor_3152","0.7916666666666666"
"prinz_1819","tripadvisor_866","0.75"
"prinz_9799","tripadvisor_23","0.8387096774193549"
"prinz_2532","tripadvisor_1156","0.7190476190476192"
"prinz_1549","tripadvisor_4312","0.7301587301587302"
"prinz_2715","tripadvisor_6917","0.9166666666666666"
"prinz_2178","tripadvisor_748","0.8888888888888888"
"prinz_1012","tripadvisor_7313","0.8686868686868686"
"prinz_1352","tripadvisor_1565","0.8148148148148149"
"prinz_4655","tripadvisor_6437","0.7884615384615384"
"prinz_1095","tripadvisor_4416","0.8333333333333333"
"prinz_1235","tripadvisor_4399","0.9393939393939394"
"prinz_5035","tripadvisor_6814","1.0"
"prinz_525","tripadvisor_6579","0.888888888888889"
"prinz_2589","tripadvisor_3276","1.0"
"prinz_168","tripadvisor_6272","0.9629629629629629"
"prinz_2596","tripadvisor_6680","1.0"
"prinz_846","tripadvisor_3190","0.823529411764706"
"prinz_4930","tripadvisor_254","1.0"
"prinz_2766","tripadvisor_5010","0.8205128205128206"
"prinz_1338","tripadvisor_3101","0.8444444444444444"
"prinz_9659","tripadvisor_5520","1.0"
"prinz_4759","tripadvisor_4219","1.0"
"prinz_1715","tripadvisor_590","0.8181818181818182"
"prinz_245","tripadvisor_4135","1.0"
"prinz_207","tripadvisor_6656","0.9"
"prinz_1123","tripadvisor_6748","0.8181818181818181"
"prinz_7209","tripadvisor_7569","0.8478260869565217"
"prinz_999","tripadvisor_7350","0.9090909090909092"
"prinz_1667","tripadvisor_6438","0.9642857142857143"
"prinz_1468","tripadvisor_6585","0.9"
"prinz_1934","tripadvisor_555","1.0"
"prinz_3187","tripadvisor_6056","1.0"
"prinz_2621","tripadvisor_7220","0.9629629629629629"
"prinz_1312","tripadvisor_2149","0.975"
"prinz_9598","tripadvisor_8085","1.0"
"prinz_1315","tripadvisor_925","0.7111111111111111"
"prinz_910","tripadvisor_6150","0.9583333333333333"
"prinz_1650","tripadvisor_6146","0.9444444444444444"
"prinz_8945","tripadvisor_6842","0.77"
"prinz_2498","tripadvisor_851","0.9259259259259259"
"prinz_167","tripadvisor_906","0.9583333333333334"
"prinz_842","tripadvisor_4518","1.0"
"prinz_232","tripadvisor_6847","0.9523809523809524"
"prinz_423","tripadvisor_6940","1.0"
"prinz_623","tripadvisor_622","1.0"
"prinz_2981","tripadvisor_3217","0.7894736842105262"
"prinz_2453","tripadvisor_7059","0.8553846153846154"
"prinz_591","tripadvisor_1192","1.0"
"prinz_9726","tripadvisor_7553","0.75"
"prinz_1152","tripadvisor_6369","1.0"
"prinz_2660","tripadvisor_979","0.7916666666666666"
"prinz_902","tripadvisor_1056","1.0"
"prinz_2393","tripadvisor_3039","0.7777777777777778"
"prinz_4907","tripadvisor_6399","1.0"
"prinz_521","tripadvisor_230","1.0"
"prinz_2160","tripadvisor_5563","0.9666666666666667"
"prinz_2287","tripadvisor_2946","1.0"
"prinz_6173","tripadvisor_6557","0.875"
"prinz_483","tripadvisor_5076","1.0"
"prinz_1964","tripadvisor_4238","0.7333333333333334"
"prinz_1244","tripadvisor_197","1.0"
"prinz_9798","tripadvisor_6860","1.0"
"prinz_1986","tripadvisor_3814","0.9264705882352942"
"prinz_4078","tripadvisor_6736","1.0"
"prinz_5019","tripadvisor_1051","0.888888888888889"
"prinz_2795","tripadvisor_6991","0.9821428571428572"
"prinz_9783","tripadvisor_6567","1.0"
"prinz_2431","tripadvisor_5083","1.0"
"prinz_9454","tripadvisor_6984","0.7580645161290323"
"prinz_2462","tripadvisor_2364","0.7333333333333334"
"prinz_4651","tripadvisor_5962","0.7459259259259259"
"prinz_3035","tripadvisor_330","1.0"
"prinz_9567","tripadvisor_5497","0.9814814814814815"
"prinz_2897","tripadvisor_6651","0.7515432098765432"
"prinz_2323","tripadvisor_6601","1.0"
"prinz_2579","tripadvisor_1464","0.9487179487179488"
"prinz_796","tripadvisor_5870","1.0"
"prinz_4669","tripadvisor_7214","1.0"
"prinz_1136","tripadvisor_1836","0.8039215686274509"
"prinz_61","tripadvisor_3763","0.8567639257294429"
"prinz_1944","tripadvisor_6419","0.8333333333333334"
"prinz_2426","tripadvisor_3134","0.7631578947368421"
"prinz_3012","tripadvisor_1231","0.7272727272727273"
"prinz_6044","tripadvisor_7531","0.7991452991452992"
"prinz_9626","tripadvisor_7469","1.0"
"prinz_503","tripadvisor_6648","1.0"
"prinz_7762","tripadvisor_2105","1.0"
"prinz_766","tripadvisor_6686","0.9722222222222222"
"prinz_677","tripadvisor_1233","1.0"
"prinz_870","tripadvisor_568","1.0"
"prinz_779","tripadvisor_673","0.7356902356902356"
"prinz_9441","tripadvisor_8071","0.8333333333333333"
"prinz_5429","tripadvisor_4805","0.7222222222222222"
"prinz_1820","tripadvisor_4815","1.0"
"prinz_1450","tripadvisor_6012","0.7258064516129032"
"prinz_1941","tripadvisor_8128","1.0"
"prinz_2876","tripadvisor_2070","0.9615384615384616"
"prinz_9643","tripadvisor_7369","1.0"
"prinz_9645","tripadvisor_1940","1.0"
"prinz_7577","tripadvisor_7379","0.7857142857142857"
"prinz_537","tripadvisor_7156","0.8484848484848485"
"prinz_1242","tripadvisor_7491","0.7261904761904762"
"prinz_5567","tripadvisor_7625","0.7884615384615384"
"prinz_2590","tripadvisor_2609","0.9500000000000001"
"prinz_2436","tripadvisor_4310","1.0"
"prinz_6744","tripadvisor_1982","0.7333333333333334"
"prinz_1509","tripadvisor_8147","0.712121212121212"
"prinz_2317","tripadvisor_483","1.0"
"prinz_9734","tripadvisor_6929","0.7948717948717948"
"prinz_4670","tripadvisor_7141","0.7171717171717171"
"prinz_2482","tripadvisor_5948","0.8312356979405033"
"prinz_352","tripadvisor_870","0.7884615384615384"
"prinz_333","tripadvisor_6043","1.0"
"prinz_1796","tripadvisor_754","0.888888888888889"
"prinz_1040","tripadvisor_6780","0.7116402116402116"
"prinz_220","tripadvisor_684","0.7727272727272727"
"prinz_2225","tripadvisor_6783","1.0"
"prinz_2184","tripadvisor_280","0.9487179487179488"
"prinz_625","tripadvisor_6726","0.9285714285714286"
"prinz_626","tripadvisor_4113","0.9166666666666667"
"prinz_297","tripadvisor_259","0.888888888888889"
"prinz_304","tripadvisor_6439","0.7698412698412699"
"prinz_3809","tripadvisor_7525","0.7660984848484849"
"prinz_873","tripadvisor_6217","0.7368421052631579"
"prinz_2582","tripadvisor_6335","0.7780797101449275"
"prinz_2967","tripadvisor_4750","1.0"
"prinz_5814","tripadvisor_513","0.7622377622377622"
"prinz_4834","tripadvisor_6994","1.0"
"prinz_5617","tripadvisor_8055","1.0"
"prinz_2196","tripadvisor_2981","1.0"
"prinz_2441","tripadvisor_5419","1.0"
"prinz_465","tripadvisor_7206","1.0"
"prinz_1754","tripadvisor_323","0.800318102949682"
"prinz_1290","tripadvisor_7266","0.9772727272727273"
"prinz_2176","tripadvisor_6875","0.9090909090909092"
"prinz_4838","tripadvisor_323","0.80484298982751"
"prinz_2099","tripadvisor_7073","0.8846153846153846"
"prinz_5847","tripadvisor_5030","0.7619047619047619"
"prinz_5118","tripadvisor_600","0.7777777777777778"
"prinz_2499","tripadvisor_7882","0.9166666666666667"
"prinz_1853","tripadvisor_328","1.0"
"prinz_726","tripadvisor_3183","0.9696969696969697"
"prinz_8340","tripadvisor_808","1.0"
"prinz_2752","tripadvisor_4189","0.9545454545454546"
"prinz_4287","tripadvisor_447","0.7767857142857143"
"prinz_1736","tripadvisor_6193","0.71875"
"prinz_2972","tripadvisor_798","0.8431372549019608"
"prinz_1234","tripadvisor_3176","0.7222222222222222"
"prinz_2577","tripadvisor_6902","0.769047619047619"
"prinz_482","tripadvisor_7380","0.861111111111111"
"prinz_5930","tripadvisor_6256","0.71875"
"prinz_2983","tripadvisor_7070","0.8958333333333333"
"prinz_4742","tripadvisor_5928","0.9523809523809524"
"prinz_447","tripadvisor_4794","0.9722222222222222"
"prinz_5040","tripadvisor_2540","0.8037280701754386"
"prinz_1694","tripadvisor_6709","0.7579365079365079"
"prinz_3027","tripadvisor_1080","0.7058823529411765"
"prinz_5108","tripadvisor_921","0.7777777777777778"
"prinz_8178","tripadvisor_2608","0.7831541218637993"
"prinz_9602","tripadvisor_8105","1.0"
"prinz_2447","tripadvisor_7341","0.861111111111111"
"prinz_9647","tripadvisor_1117","1.0"
"prinz_2056","tripadvisor_6666","0.8518518518518517"
"prinz_2979","tripadvisor_6447","1.0"
"prinz_2986","tripadvisor_2375","0.7301587301587302"
"prinz_1664","tripadvisor_7294","0.9411764705882353"
"prinz_2679","tripadvisor_2580","0.9666666666666667"
"prinz_2905","tripadvisor_2473","0.7173913043478262"
"prinz_658","tripadvisor_4751","0.75"
"prinz_3975","tripadvisor_6670","0.8888888888888888"
"prinz_874","tripadvisor_1032","1.0"
"prinz_1420","tripadvisor_2194","0.9736842105263158"
"prinz_960","tripadvisor_1012","0.9090909090909092"
"prinz_2101","tripadvisor_2790","0.7727272727272727"
"prinz_2760","tripadvisor_8023","0.7222222222222222"
"prinz_2810","tripadvisor_7352","0.7320261437908497"
"prinz_230","tripadvisor_6227","0.9777777777777779"
"prinz_347","tripadvisor_6639","0.8461538461538461"
"prinz_9639","tripadvisor_7159","0.7777777777777778"
"prinz_9782","tripadvisor_7390","0.9050868486352357"
"prinz_4934","tripadvisor_181","0.736842105263158"
"prinz_5016","tripadvisor_6605","0.7916666666666666"
"prinz_2125","tripadvisor_6840","0.7692307692307692"
"prinz_1749","tripadvisor_7049","1.0"
"prinz_557","tripadvisor_7342","0.9285714285714286"
"prinz_8851","tripadvisor_8114","0.7608695652173914"
"prinz_301","tripadvisor_626","1.0"
"prinz_6744","tripadvisor_7388","0.8125"
"prinz_4006","tripadvisor_6177","0.923076923076923"
"prinz_2037","tripadvisor_7623","0.8235294117647058"
"prinz_2374","tripadvisor_6769","1.0"
"prinz_872","tripadvisor_4462","1.0"
"prinz_1102","tripadvisor_728","1.0"
"prinz_2888","tripadvisor_5268","0.861111111111111"
"prinz_3318","tripadvisor_6843","0.7948717948717948"
"prinz_2427","tripadvisor_75","0.7222222222222222"
"prinz_692","tripadvisor_3322","0.7272727272727272"
"prinz_287","tripadvisor_1307","1.0"
"prinz_2611","tripadvisor_6784","0.875"
"prinz_6643","tripadvisor_2110","1.0"
"prinz_6171","tripadvisor_7492","1.0"
"prinz_4207","tripadvisor_7452","1.0"
"prinz_2870","tripadvisor_1303","1.0"
"prinz_5013","tripadvisor_5994","1.0"
"prinz_430","tripadvisor_175","1.0"
"prinz_2580","tripadvisor_6493","1.0"
"prinz_2814","tripadvisor_2931","0.8888888888888888"
"prinz_5041","tripadvisor_5874","0.7916666666666666"
"prinz_6516","tripadvisor_1338","0.75"
"prinz_2813","tripadvisor_1473","0.7333333333333334"
"prinz_4854","tripadvisor_5615","0.9642857142857143"
"prinz_2873","tripadvisor_6908","1.0"
"prinz_273","tripadvisor_6434","0.7068749999999999"
"prinz_535","tripadvisor_4862","1.0"
"prinz_2415","tripadvisor_658","0.8"
"prinz_427","tripadvisor_6608","0.8030303030303031"
"prinz_3351","tripadvisor_7761","0.7916666666666666"
"prinz_4320","tripadvisor_8147","0.8181818181818182"
"prinz_6175","tripadvisor_5031","0.9487179487179488"
"prinz_8949","tripadvisor_450","0.7407407407407407"
"prinz_1068","tripadvisor_650","1.0"
"prinz_2833","tripadvisor_8138","0.8548387096774194"
"prinz_785","tripadvisor_1549","1.0"
"prinz_1282","tripadvisor_5045","0.7916666666666666"
"prinz_2360","tripadvisor_458","1.0"
"prinz_9648","tripadvisor_5606","0.8650793650793651"
"prinz_8517","tripadvisor_7673","0.7148148148148148"
"prinz_9103","tripadvisor_3836","1.0"
"prinz_2834","tripadvisor_7373","0.9705882352941176"
"prinz_1698","tripadvisor_4136","1.0"
"prinz_1484","tripadvisor_5086","0.9411764705882353"
"prinz_1046","tripadvisor_525","0.7352941176470589"
"prinz_1730","tripadvisor_3283","0.9338624338624338"
"prinz_2188","tripadvisor_6730","0.9523809523809524"
"prinz_4971","tripadvisor_1191","0.8517857142857144"
"prinz_2860","tripadvisor_1430","1.0"
"prinz_1662","tripadvisor_6180","0.7592592592592592"
"prinz_9960","tripadvisor_2749","0.9523809523809524"
"prinz_4273","tripadvisor_940","1.0"
"prinz_1896","tripadvisor_133","0.8431372549019608"
"prinz_1118","tripadvisor_2307","0.9743589743589745"
"prinz_1648","tripadvisor_7282","0.8472222222222222"
"prinz_9065","tripadvisor_4212","0.782608695652174"
"prinz_4721","tripadvisor_2396","1.0"
"prinz_5930","tripadvisor_7388","0.75"
"prinz_1220","tripadvisor_6100","1.0"
"prinz_452","tripadvisor_220","1.0"
"prinz_4948","tripadvisor_3761","1.0"
"prinz_3022","tripadvisor_7272","0.9153439153439153"
"prinz_4151","tripadvisor_675","1.0"
"prinz_720","tripadvisor_7077","0.9166666666666666"
"prinz_861","tripadvisor_3924","1.0"
"prinz_517","tripadvisor_7218","1.0"
"prinz_505","tripadvisor_2227","1.0"
"prinz_2244","tripadvisor_3954","0.8888888888888888"
"prinz_2142","tripadvisor_2775","0.9777777777777779"
"prinz_8945","tripadvisor_499","0.7166666666666667"
"prinz_2961","tripadvisor_2294","1.0"
"prinz_1866","tripadvisor_7351","0.7857142857142857"
"prinz_1263","tripadvisor_1294","0.8172043010752689"
"prinz_5061","tripadvisor_7620","1.0"
"prinz_5036","tripadvisor_1690","0.9545454545454546"
"prinz_2985","tripadvisor_7293","1.0"
"prinz_4268","tripadvisor_6692","1.0"
"prinz_1924","tripadvisor_7027","1.0"
"prinz_340","tripadvisor_4215","0.9761904761904763"
"prinz_360","tripadvisor_1211","0.7857142857142857"
"prinz_5435","tripadvisor_4575","0.8181818181818181"
"prinz_5056","tripadvisor_5004","0.875"
"prinz_1968","tripadvisor_6430","1.0"
"prinz_4331","tripadvisor_6841","1.0"
"prinz_6157","tripadvisor_7477","0.7352941176470589"
"prinz_4189","tripadvisor_1101","0.75"
"prinz_554","tripadvisor_6071","0.7892473118279569"
"prinz_1346","tripadvisor_7347","0.7870370370370371"
"prinz_2806","tripadvisor_5789","0.7666666666666666"
"prinz_706","tripadvisor_186","1.0"
"prinz_2078","tripadvisor_4448","0.7045454545454546"
"prinz_712","tripadvisor_5313","0.9583333333333334"
"prinz_5930","tripadvisor_1982","0.71875"
"prinz_213","tripadvisor_5976","1.0"
"prinz_662","tripadvisor_2471","1.0"
"prinz_2193","tripadvisor_4591","1.0"
"prinz_4835","tripadvisor_7004","0.9722222222222222"
"prinz_2796","tripadvisor_1859","0.7196969696969697"
"prinz_3009","tripadvisor_2315","0.7944444444444444"
"prinz_7115","tripadvisor_2367","1.0"
"prinz_892","tripadvisor_411","0.9772727272727273"
"prinz_2740","tripadvisor_3338","1.0"
"prinz_2283","tripadvisor_2163","1.0"
"prinz_2732","tripadvisor_5531","0.8085858585858586"
"prinz_1280","tripadvisor_7176","0.888888888888889"
"prinz_2808","tripadvisor_6331","1.0"
"prinz_1317","tripadvisor_222","0.7647058823529411"
"prinz_9514","tripadvisor_262","0.9523809523809524"
"prinz_2282","tripadvisor_1058","0.8787878787878788"
"prinz_2018","tripadvisor_7349","1.0"
"prinz_6172","tripadvisor_7481","0.7631578947368421"
"prinz_1475","tripadvisor_6762","0.9215686274509803"
"prinz_8297","tripadvisor_6859","0.8225806451612903"
"prinz_2918","tripadvisor_6209","0.8425925925925926"
"prinz_5661","tripadvisor_1873","0.9791666666666667"
"prinz_4923","tripadvisor_2585","1.0"
"prinz_1576","tripadvisor_6475","1.0"
"prinz_4931","tripadvisor_8129","1.0"
"prinz_2100","tripadvisor_4896","0.7323232323232323"
"prinz_2533","tripadvisor_6775","0.96"
"prinz_1080","tripadvisor_6572","0.8989473684210526"
"prinz_4149","tripadvisor_5209","0.9375"
"prinz_3040","tripadvisor_1605","1.0"
"prinz_1111","tripadvisor_4884","0.7758799171842651"
"prinz_1569","tripadvisor_7138","0.823529411764706"
"prinz_1148","tripadvisor_778","0.9807692307692308"
"prinz_2934","tripadvisor_3289","0.8666666666666667"
"prinz_2655","tripadvisor_2866","0.873015873015873"
"prinz_572","tripadvisor_467","0.8888888888888888"
"prinz_906","tripadvisor_4986","0.861111111111111"
"prinz_6744","tripadvisor_6256","0.7333333333333334"
"prinz_2802","tripadvisor_512","0.8333333333333333"
"prinz_2951","tripadvisor_5413","1.0"
"prinz_257","tripadvisor_4767","0.8333333333333334"
"prinz_9436","tripadvisor_7630","0.7413793103448276"
"prinz_5245","tripadvisor_1373","1.0"
"prinz_1675","tripadvisor_3819","0.9333333333333332"
"prinz_225","tripadvisor_334","0.8365384615384616"
"prinz_2056","tripadvisor_71","0.7818181818181819"
"prinz_822","tripadvisor_420","0.7603174603174603"
"prinz_1382","tripadvisor_2320","0.7232142857142857"
"prinz_4833","tripadvisor_947","0.7380952380952381"
"prinz_8609","tripadvisor_7580","0.7166666666666666"
"prinz_2544","tripadvisor_2244","0.762962962962963"
"prinz_2009","tripadvisor_6949","0.95"
"prinz_188","tripadvisor_3930","0.7142857142857143"
"prinz_901","tripadvisor_444","1.0"
"prinz_1139","tripadvisor_223","1.0"
"prinz_2576","tripadvisor_6700","1.0"
"prinz_2191","tripadvisor_6707","0.8071428571428572"
"prinz_2955","tripadvisor_354","0.9523809523809524"
"prinz_1071","tripadvisor_4488","1.0"
"prinz_1347","tripadvisor_2787","0.8681318681318682"
"prinz_3877","tripadvisor_4615","0.9736842105263158"
"prinz_2565","tripadvisor_204","1.0"
"prinz_1732","tripadvisor_3275","1.0"
"prinz_9497","tripadvisor_7600","0.8333333333333333"
"prinz_2864","tripadvisor_4329","0.8181818181818181"
"prinz_4762","tripadvisor_519","1.0"
"prinz_2161","tripadvisor_6323","1.0"
"prinz_7018","tripadvisor_927","1.0"
"prinz_553","tripadvisor_464","1.0"
"prinz_586","tripadvisor_6870","1.0"
"prinz_3366","tripadvisor_766","0.7425213675213675"
"prinz_2607","tripadvisor_5612","1.0"
"prinz_599","tripadvisor_2884","0.8974358974358975"
"prinz_3017","tripadvisor_2008","0.782051282051282"
"prinz_2281","tripadvisor_2339","1.0"
"prinz_1302","tripadvisor_5541","0.8518518518518517"
"prinz_3033","tripadvisor_6919","1.0"
"prinz_1665","tripadvisor_920","0.9866666666666667"
"prinz_5021","tripadvisor_3240","1.0"
"prinz_4839","tripadvisor_745","0.9696969696969697"
"prinz_3088","tripadvisor_293","1.0"
"prinz_603","tripadvisor_7152","1.0"
"prinz_8215","tripadvisor_8020","1.0"
"prinz_2794","tripadvisor_6125","0.85"
"prinz_3005","tripadvisor_343","1.0"
"prinz_1405","tripadvisor_4173","0.9545454545454546"
"prinz_2785","tripadvisor_4605","0.8115942028985508"
"prinz_1154","tripadvisor_6474","0.7262952101661778"
"prinz_189","tripadvisor_4439","0.8461538461538461"
"prinz_7666","tripadvisor_4606","0.72"
"prinz_4908","tripadvisor_4803","0.9696969696969697"
"prinz_4926","tripadvisor_8144","0.9807692307692308"
"prinz_1144","tripadvisor_5837","0.8888888888888888"
"prinz_345","tripadvisor_6821","0.9130434782608695"
"prinz_877","tripadvisor_6661","1.0"
"prinz_1939","tripadvisor_103","1.0"
"prinz_317","tripadvisor_352","1.0"
"prinz_5406","tripadvisor_1640","0.7478632478632479"
"prinz_541","tripadvisor_362","0.8253968253968255"
"prinz_1309","tripadvisor_4201","0.7865079365079364"
"prinz_342","tripadvisor_7422","0.9642857142857143"
"prinz_2100","tripadvisor_656","1.0"
"prinz_9131","tripadvisor_90","0.9642857142857143"
"prinz_356","tripadvisor_203","1.0"
"prinz_2536","tripadvisor_7066","0.9615384615384616"
"prinz_2403","tripadvisor_2189","1.0"
"prinz_4761","tripadvisor_609","0.7727272727272728"
"prinz_5012","tripadvisor_194","1.0"
"prinz_5015","tripadvisor_2037","1.0"
"prinz_9622","tripadvisor_6746","0.7083333333333334"
"prinz_1987","tripadvisor_5133","1.0"
"prinz_1348","tripadvisor_7187","0.7222222222222222"
"prinz_2710","tripadvisor_7251","1.0"
"prinz_443","tripadvisor_6096","0.8205964325529542"
"prinz_6549","tripadvisor_3230","0.7857142857142857"
"prinz_6510","tripadvisor_7556","0.9545454545454546"
"prinz_1629","tripadvisor_6197","0.9666666666666667"
"prinz_7088","tripadvisor_5743","1.0"
"prinz_2418","tripadvisor_5741","0.8777777777777778"
"prinz_721","tripadvisor_7198","0.8912655971479501"
"prinz_2251","tripadvisor_7113","1.0"
"prinz_1017","tripadvisor_663","0.9047619047619048"
"prinz_2654","tripadvisor_877","0.9777777777777779"
"prinz_2896","tripadvisor_765","0.7564102564102564"
"prinz_1573","tripadvisor_5513","0.8255813953488372"
"prinz_184","tripadvisor_6943","0.8392857142857143"
"prinz_1795","tripadvisor_1616","0.7676767676767677"
"prinz_6610","tripadvisor_3103","0.736842105263158"
"prinz_908","tripadvisor_4459","0.7222222222222222"
"prinz_2457","tripadvisor_4142","0.7160493827160493"
"prinz_2827","tripadvisor_1451","0.72"
"prinz_1489","tripadvisor_3516","0.75"
"prinz_2274","tripadvisor_2400","0.7630718954248366"
"prinz_469","tripadvisor_5980","0.7466666666666667"
"prinz_516","tripadvisor_5878","0.8571428571428572"
"prinz_1504","tripadvisor_301","0.8333333333333333"
"prinz_575","tripadvisor_6889","0.75"
"prinz_328","tripadvisor_7495","0.7692307692307692"
"prinz_2759","tripadvisor_7377","0.8125"
"prinz_7747","tripadvisor_7539","0.7586206896551724"
"prinz_2481","tripadvisor_5908","0.9444444444444444"
"prinz_299","tripadvisor_1609","1.0"
"prinz_4326","tripadvisor_470","0.9047619047619048"
"prinz_2563","tripadvisor_7158","0.7880952380952381"
"prinz_4325","tripadvisor_7379","0.84"
"prinz_8630","tripadvisor_7549","0.8333333333333334"
"prinz_202","tripadvisor_3209","0.7993421052631579"
"prinz_5600","tripadvisor_1908","0.7843137254901961"
"prinz_254","tripadvisor_2840","1.0"
"prinz_3016","tripadvisor_1029","0.7878787878787878"
"prinz_1839","tripadvisor_521","1.0"
"prinz_1472","tripadvisor_1659","0.8055555555555555"
"prinz_4025","tripadvisor_5766","0.9054621848739496"
"prinz_9800","tripadvisor_6075","0.9318181818181819"
"prinz_4393","tripadvisor_555","0.875"
"prinz_1927","tripadvisor_2841","0.9821428571428572"
"prinz_302","tripadvisor_6968","0.7976190476190476"
"prinz_9627","tripadvisor_4968","0.8585858585858586"
"prinz_2363","tripadvisor_3138","0.7389277389277389"
"prinz_6586","tripadvisor_7487","0.7906976744186046"
"prinz_2399","tripadvisor_4970","0.7091503267973857"
"prinz_9627","tripadvisor_5868","0.7543859649122807"
"prinz_765","tripadvisor_267","0.9743589743589745"
"prinz_5108","tripadvisor_7599","1.0"
"prinz_2817","tripadvisor_2863","0.8484848484848485"
"prinz_1192","tripadvisor_7219","0.7918871252204586"
"prinz_5111","tripadvisor_7496","0.75"
"prinz_203","tripadvisor_6265","0.8444444444444444"
"prinz_2680","tripadvisor_6862","1.0"
"prinz_373","tripadvisor_4528","0.9333333333333332"
"prinz_1806","tripadvisor_1073","0.888888888888889"
"prinz_2659","tripadvisor_786","0.9722222222222222"
"prinz_3976","tripadvisor_6169","0.7692307692307692"
"prinz_271","tripadvisor_7030","1.0"
"prinz_689","tripadvisor_1685","1.0"
"prinz_2570","tripadvisor_6496","0.9523809523809524"
"prinz_2894","tripadvisor_6448","0.8666666666666667"
"prinz_499","tripadvisor_3198","1.0"
"prinz_1360","tripadvisor_896","0.84375"
"prinz_1112","tripadvisor_3417","0.95"
"prinz_2658","tripadvisor_1194","0.8333333333333334"
"prinz_2689","tripadvisor_7385","0.75"
"prinz_1881","tripadvisor_3111","0.9285714285714285"
"prinz_2687","tripadvisor_3350","1.0"
"prinz_4670","tripadvisor_7200","1.0"
"prinz_1757","tripadvisor_3525","1.0"
"prinz_2050","tripadvisor_5906","1.0"
"prinz_8796","tripadvisor_4572","0.7222222222222222"
"prinz_9597","tripadvisor_7865","1.0"
"prinz_832","tripadvisor_4118","0.7101449275362319"
"prinz_2621","tripadvisor_3711","0.7554112554112554"
"prinz_1083","tripadvisor_6943","0.9833333333333334"
"prinz_1357","tripadvisor_2521","0.7727272727272727"
"prinz_2302","tripadvisor_4972","0.75"
"prinz_620","tripadvisor_2809","0.8846153846153846"
"prinz_1625","tripadvisor_2307","0.7037037037037037"
"prinz_6531","tripadvisor_7630","0.8793103448275862"
"prinz_2136","tripadvisor_7194","0.7622377622377622"
"prinz_4780","tripadvisor_4556","0.7373737373737373"
"prinz_693","tripadvisor_4321","0.8333333333333334"
"prinz_4274","tripadvisor_6882","1.0"
"prinz_321","tripadvisor_6458","0.8613352898019075"
"prinz_1520","tripadvisor_5180","1.0"
"prinz_1767","tripadvisor_6348","0.8055555555555555"
"prinz_3990","tripadvisor_6915","0.8888888888888888"
"prinz_1258","tripadvisor_5059","0.8823529411764706"
"prinz_3116","tripadvisor_2369","0.9166666666666667"
"prinz_1585","tripadvisor_6513","0.9090909090909091"
"prinz_4967","tripadvisor_6805","0.7962962962962963"
"prinz_856","tripadvisor_6190","0.7515151515151515"
"prinz_4385","tripadvisor_5530","0.7625"
"prinz_463","tripadvisor_367","1.0"
"prinz_2419","tripadvisor_7118","0.9833333333333334"
"prinz_9113","tripadvisor_6689","0.825925925925926"
"prinz_2055","tripadvisor_6811","0.7090909090909091"
"prinz_2959","tripadvisor_5611","1.0"
"prinz_2546","tripadvisor_4949","0.8333333333333333"
"prinz_4763","tripadvisor_6801","0.9642857142857143"
"prinz_4969","tripadvisor_6391","0.8076923076923077"
"prinz_1157","tripadvisor_7359","0.7449494949494949"
"prinz_795","tripadvisor_6250","1.0"
"prinz_1151","tripadvisor_5545","1.0"
"prinz_2699","tripadvisor_6284","0.9482758620689655"
"prinz_4850","tripadvisor_4910","0.8214285714285714"
"prinz_209","tripadvisor_7209","1.0"
"prinz_226","tripadvisor_679","0.8529411764705882"
"prinz_1794","tripadvisor_2598","0.7777777777777778"
"prinz_7148","tripadvisor_3972","0.7083333333333333"
"prinz_448","tripadvisor_6455","1.0"
"prinz_568","tripadvisor_6674","0.7277777777777777"
"prinz_2547","tripadvisor_864","0.9"
"prinz_6153","tripadvisor_7533","1.0"
"prinz_217","tripadvisor_6793","0.8863636363636364"
"prinz_9560","tripadvisor_202","0.787878787878788"
"prinz_2931","tripadvisor_3227","0.9855072463768115"
"prinz_2084","tripadvisor_7365","1.0"
"prinz_2143","tripadvisor_4342","0.8703703703703703"
"prinz_2627","tripadvisor_6364","1.0"
"prinz_2882","tripadvisor_1366","0.8412698412698413"
"prinz_1133","tripadvisor_3576","0.8156146179401993"
"prinz_4874","tripadvisor_1146","1.0"
"prinz_328","tripadvisor_4994","0.7857142857142857"
"prinz_5931","tripadvisor_1134","0.8333333333333334"
"prinz_3003","tripadvisor_187","0.8421052631578947"
"prinz_4213","tripadvisor_3295","0.9807692307692308"
"prinz_1227","tripadvisor_7303","0.7142857142857143"
"prinz_3956","tripadvisor_2859","0.8716577540106951"
"prinz_8219","tripadvisor_8103","0.8333333333333334"
"prinz_264","tripadvisor_6238","1.0"
"prinz_1717","tripadvisor_812","1.0"
"prinz_4697","tripadvisor_7343","0.7083333333333334"
"prinz_4972","tripadvisor_5295","1.0"
"prinz_746","tripadvisor_6221","0.8627450980392157"
"prinz_799","tripadvisor_224","1.0"
"prinz_8027","tripadvisor_4177","0.7549019607843137"
"prinz_9802","tripadvisor_6542","0.8133333333333334"
"prinz_1608","tripadvisor_595","1.0"
"prinz_8178","tripadvisor_2974","0.7941176470588236"
"prinz_3023","tripadvisor_3135","0.8157894736842105"
"prinz_4657","tripadvisor_299","0.7619047619047619"
"prinz_1010","tripadvisor_5961","0.787878787878788"
"prinz_2351","tripadvisor_5152","0.9545454545454546"
"prinz_769","tripadvisor_5484","0.7055555555555556"
"prinz_9619","tripadvisor_255","1.0"
"prinz_2600","tripadvisor_6582","0.8181818181818182"
"prinz_1041","tripadvisor_7149","0.739010989010989"
"prinz_479","tripadvisor_766","0.7167832167832168"
"prinz_4613","tripadvisor_7219","0.7433862433862434"
"prinz_5027","tripadvisor_988","1.0"
"prinz_534","tripadvisor_6045","0.7571428571428571"
"prinz_2034","tripadvisor_847","0.8888888888888888"
"prinz_1097","tripadvisor_7025","1.0"
"prinz_4697","tripadvisor_7141","0.736111111111111"
"prinz_3753","tripadvisor_6224","0.7666666666666666"
"prinz_1752","tripadvisor_581","1.0"
"prinz_2711","tripadvisor_7215","0.97"
"prinz_8126","tripadvisor_2406","0.8592592592592592"
"prinz_2805","tripadvisor_3322","1.0"
"prinz_183","tripadvisor_6866","0.9722222222222222"
"prinz_2480","tripadvisor_7337","0.7136752136752137"
"prinz_1643","tripadvisor_7354","0.827991452991453"
"prinz_1751","tripadvisor_7188","1.0"
"prinz_2132","tripadvisor_279","1.0"
"prinz_1292","tripadvisor_7123","0.8461538461538461"
"prinz_6259","tripadvisor_5838","0.75"
"prinz_3138","tripadvisor_7177","1.0"
"prinz_576","tripadvisor_7287","1.0"
"prinz_4222","tripadvisor_2974","0.7941176470588236"
"prinz_761","tripadvisor_5999","0.78125"
"prinz_6605","tripadvisor_6550","0.8888888888888888"
"prinz_4344","tripadvisor_390","1.0"
"prinz_1569","tripadvisor_798","1.0"
"prinz_1969","tripadvisor_4115","0.7118437118437119"
"prinz_5083","tripadvisor_653","0.7111111111111111"
"prinz_4079","tripadvisor_1068","1.0"
"prinz_5022","tripadvisor_605","0.7916666666666667"
"prinz_4086","tripadvisor_1007","0.7526041666666666"
"prinz_1156","tripadvisor_6093","0.9189189189189189"
"prinz_671","tripadvisor_699","1.0"
"prinz_5847","tripadvisor_4745","0.75"
"prinz_1549","tripadvisor_6861","0.8780487804878049"
"prinz_6215","tripadvisor_8114","1.0"
"prinz_559","tripadvisor_6910","1.0"
"prinz_4386","tripadvisor_4366","0.9876543209876543"
"prinz_1634","tripadvisor_6933","1.0"
"prinz_2367","tripadvisor_5269","0.8461538461538461"
"prinz_2558","tripadvisor_4570","0.7943262411347517"
"prinz_2499","tripadvisor_6850","0.7083333333333334"
"prinz_1684","tripadvisor_5429","1.0"
"prinz_684","tripadvisor_1275","0.8506787330316742"
"prinz_9780","tripadvisor_7359","0.946969696969697"
"prinz_1823","tripadvisor_1979","1.0"
"prinz_1922","tripadvisor_6843","0.875"
"prinz_4932","tripadvisor_7472","1.0"
"prinz_486","tripadvisor_5187","0.8888888888888888"
"prinz_1483","tripadvisor_1271","0.825"
"prinz_9732","tripadvisor_6531","0.9166666666666666"
"prinz_2969","tripadvisor_1139","1.0"
"prinz_2910","tripadvisor_5260","0.8152173913043478"
"prinz_854","tripadvisor_553","1.0"
"prinz_694","tripadvisor_6482","0.8333333333333334"
"prinz_1195","tripadvisor_7283","0.9407894736842105"
"prinz_1387","tripadvisor_6459","1.0"
"prinz_2319","tripadvisor_704","1.0"
"prinz_1710","tripadvisor_6281","1.0"
"prinz_305","tripadvisor_3536","1.0"
"prinz_4190","tripadvisor_949","1.0"
"prinz_855","tripadvisor_7378","0.9545454545454546"
"prinz_774","tripadvisor_2555","0.7543859649122806"
"prinz_5064","tripadvisor_7475","0.7580645161290323"
"prinz_958","tripadvisor_6302","1.0"
"prinz_195","tripadvisor_5573","1.0"
"prinz_103","tripadvisor_5195","0.7857142857142857"
"prinz_2757","tripadvisor_5270","1.0"
"prinz_9639","tripadvisor_8101","0.75"
"prinz_7591","tripadvisor_5238","0.8205128205128206"
"prinz_2972","tripadvisor_7138","0.8181818181818181"
"prinz_2976","tripadvisor_1189","1.0"
"prinz_1921","tripadvisor_1085","0.8472222222222223"
"prinz_7096","tripadvisor_7997","1.0"
"prinz_2454","tripadvisor_5706","0.9523809523809523"
"prinz_2753","tripadvisor_766","0.7016317016317016"
"prinz_6868","tripadvisor_1718","0.734375"
"prinz_2958","tripadvisor_5120","0.7272727272727273"
"prinz_1216","tripadvisor_4854","0.888888888888889"
"prinz_1531","tripadvisor_3934","1.0"
"prinz_334","tripadvisor_977","1.0"
"prinz_9583","tripadvisor_4141","0.7843137254901961"
"prinz_1245","tripadvisor_4317","1.0"
"prinz_1298","tripadvisor_5997","0.8717948717948718"
"prinz_1546","tripadvisor_5904","1.0"
"prinz_2247","tripadvisor_4194","0.8253968253968255"
"prinz_4855","tripadvisor_6489","0.9607843137254902"
"prinz_1509","tripadvisor_4727","0.8333333333333334"
"prinz_641","tripadvisor_6925","0.8380952380952381"
"prinz_3585","tripadvisor_1616","0.8181818181818181"
"prinz_501","tripadvisor_1581","0.7142857142857143"
"prinz_2836","tripadvisor_93","1.0"
"prinz_6510","tripadvisor_6774","0.7284982174688057"
"prinz_4440","tripadvisor_3079","0.9833333333333334"
"prinz_2644","tripadvisor_5040","0.9444444444444445"
"prinz_5018","tripadvisor_268","1.0"
"prinz_2211","tripadvisor_6811","1.0"
"prinz_1362","tripadvisor_7651","0.8529411764705882"
"prinz_4447","tripadvisor_7679","0.9074074074074074"
"prinz_2992","tripadvisor_3144","0.96"
"prinz_1045","tripadvisor_936","0.8846153846153846"
"prinz_2182","tripadvisor_5877","0.8333333333333334"
"prinz_5037","tripadvisor_7362","1.0"
"prinz_654","tripadvisor_7459","0.868421052631579"
"prinz_9520","tripadvisor_7086","1.0"
"prinz_2165","tripadvisor_430","0.9166666666666667"
"prinz_1949","tripadvisor_1160","0.8518518518518517"
"prinz_728","tripadvisor_4517","1.0"
"prinz_2082","tripadvisor_6951","1.0"
"prinz_1547","tripadvisor_630","0.7843137254901961"
"prinz_837","tripadvisor_2537","0.7435897435897436"
"prinz_1680","tripadvisor_3584","0.9583333333333333"
"prinz_850","tripadvisor_3244","1.0"
"prinz_5118","tripadvisor_8094","1.0"
"prinz_1116","tripadvisor_5943","1.0"
"prinz_2","tripadvisor_1917","0.7190476190476192"
"prinz_1687","tripadvisor_6456","0.8703703703703703"
"prinz_2714","tripadvisor_3361","0.7142857142857143"
"prinz_764","tripadvisor_1061","0.7425044091710759"
"prinz_4857","tripadvisor_3237","1.0"
"prinz_852","tripadvisor_5146","1.0"
"prinz_9748","tripadvisor_7137","0.8627819548872181"
"prinz_9736","tripadvisor_5626","0.8376623376623377"
"prinz_5404","tripadvisor_166","0.78125"
"prinz_6950","tripadvisor_2289","0.75"
"prinz_2746","tripadvisor_4237","1.0"
"prinz_1016","tripadvisor_7158","1.0"
"prinz_2226","tripadvisor_6354","1.0"
"prinz_2379","tripadvisor_6786","1.0"
"prinz_2580","tripadvisor_2098","0.8461538461538461"
"prinz_1066","tripadvisor_2392","1.0"
"prinz_1188","tripadvisor_480","1.0"
"prinz_1674","tripadvisor_2932","1.0"
"prinz_9565","tripadvisor_7416","0.9523809523809524"
"prinz_4080","tripadvisor_7280","1.0"
"prinz_7391","tripadvisor_7542","0.75"
"prinz_4011","tripadvisor_2527","0.8958333333333334"
"prinz_239","tripadvisor_1762","0.8333333333333334"
"prinz_468","tripadvisor_445","1.0"
"prinz_2343","tripadvisor_179","1.0"
"prinz_847","tripadvisor_4934","0.8115942028985508"
"prinz_1164","tripadvisor_3103","0.75"
"prinz_2309","tripadvisor_1903","0.9130434782608695"
"prinz_2939","tripadvisor_517","0.8888888888888888"
"prinz_1837","tripadvisor_2395","1.0"
"prinz_2396","tripadvisor_4818","0.9055555555555556"
"prinz_635","tripadvisor_6140","1.0"
"prinz_1291","tripadvisor_7358","1.0"
"prinz_4575","tripadvisor_672","0.7213403880070546"
"prinz_2341","tripadvisor_1595","0.7561538461538462"
"prinz_1661","tripadvisor_488","1.0"
"prinz_2437","tripadvisor_2116","1.0"
"prinz_1277","tripadvisor_7116","0.875"
"prinz_1817","tripadvisor_4138","0.9545454545454546"
"prinz_471","tripadvisor_5296","0.9583333333333334"
"prinz_1567","tripadvisor_4879","0.7931034482758621"
"prinz_2635","tripadvisor_116","1.0"
"prinz_4228","tripadvisor_4220","0.8933333333333332"
"prinz_2804","tripadvisor_2496","1.0"
"prinz_1044","tripadvisor_6798","1.0"
"prinz_2599","tripadvisor_6676","1.0"
"prinz_5204","tripadvisor_8137","0.8461538461538461"
"prinz_704","tripadvisor_1027","0.9523809523809524"
"prinz_467","tripadvisor_6948","0.8205128205128206"
"prinz_9640","tripadvisor_368","0.8333333333333334"
"prinz_924","tripadvisor_6580","0.8111111111111112"
"prinz_2588","tripadvisor_5839","1.0"
"prinz_9803","tripadvisor_5072","0.9174603174603174"
"prinz_2440","tripadvisor_2198","0.7521367521367521"
"prinz_7058","tripadvisor_7821","0.9285714285714286"
"prinz_655","tripadvisor_277","1.0"
"prinz_2798","tripadvisor_799","1.0"
"prinz_6488","tripadvisor_7529","0.9"
"prinz_169","tripadvisor_7420","0.7297932330827068"
"prinz_1748","tripadvisor_1131","0.9"
"prinz_2174","tripadvisor_4960","1.0"
"prinz_7006","tripadvisor_8025","0.8157894736842105"
"prinz_2995","tripadvisor_2248","0.9639550264550265"
"prinz_1733","tripadvisor_4472","0.8636363636363636"
"prinz_314","tripadvisor_611","1.0"
"prinz_2382","tripadvisor_6162","0.8787878787878788"
"prinz_341","tripadvisor_377","0.7980769230769231"
"prinz_629","tripadvisor_3504","0.7222222222222222"
"prinz_363","tripadvisor_5019","0.8222222222222223"
"prinz_1289","tripadvisor_4675","0.706959706959707"
"prinz_2100","tripadvisor_928","0.7647058823529411"
"prinz_2924","tripadvisor_8118","0.8571428571428572"
"prinz_9120","tripadvisor_6715","0.8888888888888888"
"prinz_3989","tripadvisor_6866","0.7955182072829131"
"prinz_1744","tripadvisor_6372","0.8333333333333334"
"prinz_5077","tripadvisor_5554","1.0"
"prinz_3051","tripadvisor_5168","1.0"
"prinz_805","tripadvisor_526","0.75"
"prinz_4346","tripadvisor_6591","0.9803921568627452"
"prinz_1018","tripadvisor_4964","0.96875"
"prinz_1340","tripadvisor_4333","0.888888888888889"
"prinz_519","tripadvisor_6532","1.0"
"prinz_811","tripadvisor_7772","0.8125"
"prinz_6431","tripadvisor_8029","0.7857142857142858"
"prinz_858","tripadvisor_5734","1.0"
"prinz_1247","tripadvisor_593","0.75"
"prinz_1331","tripadvisor_4861","0.861111111111111"
"prinz_678","tripadvisor_2717","0.8095238095238096"
"prinz_1505","tripadvisor_7038","0.7857142857142858"
"prinz_182","tripadvisor_410","1.0"
"prinz_218","tripadvisor_6459","0.7222222222222222"
"prinz_337","tripadvisor_1116","1.0"
"prinz_208","tripadvisor_5873","0.7142857142857143"
"prinz_4793","tripadvisor_7404","0.9736842105263158"
"prinz_409","tripadvisor_6559","0.9023569023569022"
"prinz_250","tripadvisor_7413","1.0"
"prinz_289","tripadvisor_1385","0.9523809523809524"
"prinz_5876","tripadvisor_7395","0.7222222222222222"
"prinz_4004","tripadvisor_4602","0.8194444444444444"
"prinz_833","tripadvisor_2029","1.0"
"prinz_9755","tripadvisor_6212","1.0"
"prinz_9331","tripadvisor_8020","0.7586206896551724"
"prinz_1696","tripadvisor_4555","0.9629120879120879"
"prinz_2433","tripadvisor_1167","1.0"
"prinz_2378","tripadvisor_6233","0.8205128205128206"
"prinz_2316","tripadvisor_248","0.7911764705882353"
"prinz_2268","tripadvisor_702","0.9259259259259259"
"prinz_491","tripadvisor_6557","0.8474025974025974"
"prinz_2619","tripadvisor_411","1.0"
"prinz_1190","tripadvisor_7185","0.8190476190476191"
"prinz_1891","tripadvisor_4807","0.7142857142857143"
"prinz_561","tripadvisor_6682","1.0"
"prinz_2148","tripadvisor_8051","0.7561576354679802"
"prinz_5616","tripadvisor_8099","1.0"
"prinz_2557","tripadvisor_6978","0.9444444444444443"
"prinz_2164","tripadvisor_4794","1.0"
"prinz_2838","tripadvisor_1382","0.8070175438596491"
"prinz_7058","tripadvisor_8026","0.8214285714285714"
"prinz_6083","tripadvisor_5864","0.7692307692307692"
"prinz_111","tripadvisor_6981","1.0"
"prinz_820","tripadvisor_6050","0.7424242424242425"
"prinz_8284","tripadvisor_2623","0.7083333333333333"
"prinz_4970","tripadvisor_640","0.8094907407407408"
"prinz_1816","tripadvisor_3077","0.8939393939393939"
"prinz_6176","tripadvisor_8061","1.0"
"prinz_3067","tripadvisor_5379","1.0"
"prinz_236","tripadvisor_7112","0.72"
"prinz_2812","tripadvisor_7190","0.8571428571428571"
"prinz_2086","tripadvisor_151","0.7166666666666667"
"prinz_2180","tripadvisor_353","0.8412698412698413"
"prinz_9601","tripadvisor_2153","0.7246376811594203"
"prinz_4271","tripadvisor_7154","0.8333333333333334"
"prinz_6507","tripadvisor_3123","0.8333333333333334"
"prinz_343","tripadvisor_6120","1.0"
"prinz_2260","tripadvisor_4294","0.875"
"prinz_9149","tripadvisor_5508","1.0"
"prinz_2553","tripadvisor_6145","1.0"
"prinz_7079","tripadvisor_5340","0.7857142857142857"
"prinz_6151","tripadvisor_2473","0.7681159420289855"
"prinz_5460","tripadvisor_2110","0.8472222222222223"
"prinz_471","tripadvisor_221","1.0"
"prinz_9561","tripadvisor_6942","0.7607142857142857"
"prinz_2019","tripadvisor_2158","0.9841269841269842"
"prinz_990","tripadvisor_6104","0.8181818181818182"
"prinz_5766","tripadvisor_3080","0.7310606060606061"
"prinz_2980","tripadvisor_6949","0.8541666666666666"
"prinz_4757","tripadvisor_5645","0.865530303030303"
"prinz_3020","tripadvisor_2421","1.0"
"prinz_2314","tripadvisor_5990","1.0"
"prinz_1704","tripadvisor_6737","0.7619047619047619"
"prinz_4836","tripadvisor_6223","0.8333333333333334"
"prinz_7715","tripadvisor_7565","0.8846153846153846"
"prinz_239","tripadvisor_6006","0.8148148148148149"
"prinz_2777","tripadvisor_6141","0.9333333333333332"
"prinz_9510","tripadvisor_7493","1.0"
"prinz_5067","tripadvisor_7709","0.8636363636363636"
"prinz_640","tripadvisor_6844","0.8773521505376345"
"prinz_1437","tripadvisor_6630","1.0"
"prinz_5077","tripadvisor_7608","1.0"
"prinz_2801","tripadvisor_545","1.0"
"prinz_1397","tripadvisor_2586","0.9880952380952381"
"prinz_2898","tripadvisor_2545","0.9824561403508772"
"prinz_1369","tripadvisor_2953","0.7976190476190476"
"prinz_4319","tripadvisor_8147","0.75"
"prinz_1844","tripadvisor_7444","1.0"
"prinz_587","tripadvisor_2404","0.9393939393939394"
"prinz_715","tripadvisor_7017","0.8095238095238096"
"prinz_2206","tripadvisor_3022","0.8484848484848485"
"prinz_1447","tripadvisor_386","0.7666666666666666"
"prinz_8279","tripadvisor_7872","0.8660714285714286"
"prinz_6585","tripadvisor_6721","0.7934782608695652"
"prinz_170","tripadvisor_3076","0.8596491228070176"
"prinz_3992","tripadvisor_5965","1.0"
"prinz_608","tripadvisor_6705","1.0"
"prinz_2357","tripadvisor_2207","1.0"
"prinz_2855","tripadvisor_1164","0.7916666666666666"
"prinz_4657","tripadvisor_2237","1.0"
"prinz_2542","tripadvisor_4489","1.0"
"prinz_288","tripadvisor_7270","0.7419354838709676"
"prinz_2053","tripadvisor_2082","0.9333333333333332"
"prinz_6011","tripadvisor_7534","0.8478260869565217"
"prinz_2256","tripadvisor_1737","1.0"
"prinz_164","tripadvisor_6106","0.8888888888888888"
"prinz_9846","tripadvisor_3378","0.7777777777777778"
"prinz_2464","tripadvisor_55","0.9285714285714286"
"prinz_7267","tripadvisor_6821","0.7391304347826086"
"prinz_4666","tripadvisor_5583","0.75"
"prinz_1920","tripadvisor_1085","0.96875"
"prinz_1679","tripadvisor_4451","1.0"
"prinz_2714","tripadvisor_7228","0.8055555555555555"
"prinz_2933","tripadvisor_8146","0.9545454545454546"
"prinz_1104","tripadvisor_2357","0.7769151138716356"
"prinz_4650","tripadvisor_843","0.8209876543209876"
"prinz_1353","tripadvisor_730","1.0"
"prinz_1363","tripadvisor_107","0.7606837606837606"
"prinz_2204","tripadvisor_2868","1.0"
"prinz_8555","tripadvisor_6969","0.8068181818181819"
"prinz_695","tripadvisor_1249","0.7222222222222222"
"prinz_2638","tripadvisor_1972","1.0"
"prinz_6313","tripadvisor_7621","1.0"
"prinz_4399","tripadvisor_893","1.0"
"prinz_4998","tripadvisor_4926","0.9523809523809524"
"prinz_454","tripadvisor_869","0.875"
"prinz_2689","tripadvisor_6914","0.7892857142857144"
"prinz_2140","tripadvisor_4616","1.0"
"prinz_2912","tripadvisor_2758","0.8070175438596491"
"prinz_708","tripadvisor_6335","1.0"
"prinz_2594","tripadvisor_5286","0.7222222222222222"
"prinz_9559","tripadvisor_868","1.0"
"prinz_3024","tripadvisor_3186","0.75"
"prinz_509","tripadvisor_6410","1.0"
"prinz_5017","tripadvisor_2811","0.875"
"prinz_192","tripadvisor_308","1.0"
"prinz_1454","tripadvisor_7132","0.8954737245876486"
"prinz_424","tripadvisor_2297","1.0"
"prinz_1766","tripadvisor_5370","1.0"
"prinz_5389","tripadvisor_8143","0.9523809523809524"
"prinz_6030","tripadvisor_199","0.8928571428571428"
"prinz_621","tripadvisor_7295","0.7361111111111112"
"prinz_5433","tripadvisor_3439","0.7090416358709041"
"prinz_7136","tripadvisor_2861","1.0"
"prinz_172","tripadvisor_784","0.7976190476190476"
"prinz_1685","tripadvisor_1207","0.9333333333333332"
"prinz_1350","tripadvisor_5681","1.0"
"prinz_8516","tripadvisor_7815","0.7941176470588236"
"prinz_1745","tripadvisor_3535","0.823529411764706"
"prinz_2420","tripadvisor_7454","1.0"
"prinz_580","tripadvisor_5197","1.0"
"prinz_3836","tripadvisor_2149","0.9833333333333334"
"prinz_365","tripadvisor_6478","0.7999999999999999"
"prinz_9510","tripadvisor_7208","0.7683566433566433"
"prinz_1207","tripadvisor_6689","0.7857142857142857"
"prinz_1406","tripadvisor_5280","0.75"
"prinz_4256","tripadvisor_5193","0.9230769230769231"
"prinz_1855","tripadvisor_7088","0.9944444444444445"
"prinz_2305","tripadvisor_7216","1.0"
"prinz_604","tripadvisor_7284","0.8809523809523809"
"prinz_2478","tripadvisor_6692","0.9761904761904763"
"prinz_3276","tripadvisor_672","0.7432432432432433"
"prinz_2322","tripadvisor_2219","1.0"
"prinz_35","tripadvisor_386","0.8888888888888888"
"prinz_2004","tripadvisor_392","0.9705882352941176"
"prinz_2910","tripadvisor_3098","0.8970588235294118"
"prinz_1501","tripadvisor_2790","1.0"
"prinz_2210","tripadvisor_1665","0.9615384615384616"
"prinz_118","tripadvisor_707","0.8985507246376812"
"prinz_4358","tripadvisor_5464","0.8990384615384616"
"prinz_2574","tripadvisor_4124","0.7741935483870969"
"prinz_4589","tripadvisor_8037","0.8409090909090909"
"prinz_2369","tripadvisor_7208","1.0"
"prinz_9677","tripadvisor_6810","0.7283950617283951"
"prinz_186","tripadvisor_6122","0.8181818181818182"
"prinz_583","tripadvisor_6127","0.7335164835164835"
"prinz_2677","tripadvisor_6211","0.7948717948717948"
"prinz_2284","tripadvisor_1695","0.7435897435897436"
"prinz_660","tripadvisor_5907","1.0"
"prinz_9870","tripadvisor_5646","1.0"
"prinz_1490","tripadvisor_6914","0.7767857142857143"
"prinz_6452","tripadvisor_8090","1.0"
"prinz_1193","tripadvisor_450","0.8981481481481483"
"prinz_2774","tripadvisor_6621","0.8737373737373737"
"prinz_255","tripadvisor_4465","0.75"
"prinz_6474","tripadvisor_8104","0.7666666666666666"
"prinz_2071","tripadvisor_1182","0.9777777777777779"
"prinz_9605","tripadvisor_7465","1.0"
"prinz_4454","tripadvisor_7479","0.75"
"prinz_711","tripadvisor_7375","0.7719298245614035"
"prinz_1334","tripadvisor_6938","0.9038461538461539"
"prinz_2212","tripadvisor_8142","0.9821428571428572"
"prinz_9624","tripadvisor_7217","0.9833333333333334"
"prinz_234","tripadvisor_6875","0.7916666666666666"
"prinz_351","tripadvisor_402","0.8515625"
"prinz_2851","tripadvisor_6581","0.8333333333333334"
"prinz_1511","tripadvisor_3005","1.0"
"prinz_2286","tripadvisor_2502","1.0"
"prinz_4063","tripadvisor_8131","0.8494623655913979"
"prinz_1155","tripadvisor_460","0.9214285714285715"
"prinz_268","tripadvisor_6913","0.8888888888888888"
"prinz_5876","tripadvisor_340","0.75"
"prinz_7941","tripadvisor_7498","1.0"
"prinz_577","tripadvisor_585","1.0"
"prinz_187","tripadvisor_4419","0.7705627705627706"
"prinz_10001","tripadvisor_5166","1.0"
"prinz_8689","tripadvisor_7873","1.0"
"prinz_4329","tripadvisor_7139","0.7916666666666666"
"prinz_782","tripadvisor_5749","0.8666666666666667"
"prinz_6530","tripadvisor_7484","0.7647058823529411"
"prinz_1051","tripadvisor_4084","0.861111111111111"
"prinz_1545","tripadvisor_6857","0.9824561403508772"
"prinz_5605","tripadvisor_7927","0.7916666666666666"
"prinz_4199","tripadvisor_7174","0.72"
"prinz_2797","tripadvisor_7323","1.0"
"prinz_2349","tripadvisor_3931","1.0"
"prinz_7495","tripadvisor_7125","0.8627450980392157"
"prinz_2172","tripadvisor_2209","1.0"
"prinz_3432","tripadvisor_8001","0.7272727272727273"
"prinz_9713","tripadvisor_7492","0.7307692307692308"
"prinz_9185","tripadvisor_3112","0.75"
"prinz_2054","tripadvisor_2216","0.9395604395604397"
"prinz_1436","tripadvisor_6646","0.7307692307692308"
"prinz_2149","tripadvisor_575","1.0"
"prinz_2836","tripadvisor_6973","1.0"
"prinz_895","tripadvisor_6347","0.7916666666666666"
"prinz_590","tripadvisor_5460","0.888888888888889"
"prinz_2782","tripadvisor_6015","1.0"
"prinz_4288","tripadvisor_1054","0.9791666666666666"
"prinz_579","tripadvisor_6846","0.9791666666666666"
"prinz_2723","tripadvisor_3712","0.8181818181818181"
"prinz_2201","tripadvisor_2480","1.0"
"prinz_1132","tripadvisor_5481","0.7777777777777778"
"prinz_1563","tripadvisor_397","0.8888888888888888"
"prinz_672","tripadvisor_5823","0.8452380952380952"
"prinz_2739","tripadvisor_7255","0.717948717948718"
"prinz_8199","tripadvisor_7719","0.7931034482758621"
"prinz_9318","tripadvisor_164","1.0"
"prinz_6173","tripadvisor_8106","0.9583333333333333"
"prinz_4678","tripadvisor_3972","0.8423076923076923"
"prinz_9562","tripadvisor_5779","1.0"
"prinz_6359","tripadvisor_2500","1.0"
"prinz_3087","tripadvisor_1599","0.8333333333333334"
"prinz_1851","tripadvisor_4736","0.8088235294117647"
"prinz_646","tripadvisor_918","0.7117327117327118"
"prinz_1294","tripadvisor_5287","0.7095959595959597"
"prinz_2342","tripadvisor_7243","0.8641975308641975"
"prinz_332","tripadvisor_797","1.0"
"prinz_2037","tripadvisor_4323","1.0"
"prinz_3025","tripadvisor_2768","1.0"
"prinz_578","tripadvisor_6765","1.0"
"prinz_2510","tripadvisor_2855","0.7569444444444445"
"prinz_2411","tripadvisor_2835","0.7304964539007092"
"prinz_6827","tripadvisor_7232","0.8571428571428571"
"prinz_1449","tripadvisor_2291","1.0"
"prinz_5300","tripadvisor_7402","1.0"
"prinz_2115","tripadvisor_16","0.8333333333333334"
"prinz_2721","tripadvisor_982","0.8541666666666666"
"prinz_4511","tripadvisor_5195","0.7142857142857143"
"prinz_3","tripadvisor_3753","0.9095238095238095"
"prinz_5429","tripadvisor_7533","0.7142857142857143"
"prinz_426","tripadvisor_1648","1.0"
"prinz_6680","tripadvisor_7710","0.7619047619047619"
"prinz_6957","tripadvisor_143","0.84375"
"prinz_500","tripadvisor_6964","1.0"
"prinz_3927","tripadvisor_3125","0.9141414141414143"
"prinz_1001","tripadvisor_6777","0.7450980392156863"
"prinz_9516","tripadvisor_4288","1.0"
"prinz_2821","tripadvisor_2446","0.7619047619047619"
"prinz_5624","tripadvisor_6256","0.712121212121212"
"prinz_2055","tripadvisor_6565","0.9487179487179488"
"prinz_1923","tripadvisor_4542","0.7333333333333334"
"prinz_2548","tripadvisor_6721","0.7681159420289855"
"prinz_2215","tripadvisor_4521","0.8253968253968255"
"prinz_6352","tripadvisor_2169","0.7333333333333334"
"prinz_4135","tripadvisor_6491","1.0"
"prinz_4215","tripadvisor_1212","0.8325281803542673"
"prinz_4372","tripadvisor_6216","0.7857142857142857"
"prinz_730","tripadvisor_6049","0.9166666666666666"
"prinz_8371","tripadvisor_4793","0.8478260869565217"
"prinz_6364","tripadvisor_7596","0.8478260869565217"
"prinz_841","tripadvisor_792","0.8641304347826086"
"prinz_6122","tripadvisor_7495","0.7307692307692308"
"prinz_2581","tripadvisor_7291","1.0"
"prinz_609","tripadvisor_5748","1.0"
"prinz_449","tripadvisor_3898","0.7051282051282052"
"prinz_2867","tripadvisor_6642","0.8333333333333334"
"prinz_1530","tripadvisor_1015","1.0"
"prinz_1974","tripadvisor_7692","0.7777777777777778"
"prinz_2756","tripadvisor_5744","0.7543859649122807"
"prinz_515","tripadvisor_7271","0.7879109225874867"
"prinz_9646","tripadvisor_2247","1.0"
"prinz_4743","tripadvisor_1258","1.0"
"prinz_2089","tripadvisor_380","0.7692307692307692"
"prinz_5624","tripadvisor_1982","0.7272727272727272"
"prinz_2144","tripadvisor_3836","0.7111111111111111"
"prinz_1135","tripadvisor_3258","1.0"
"prinz_1011","tripadvisor_7240","0.875"
"prinz_723","tripadvisor_7384","1.0"
"prinz_659","tripadvisor_7210","0.95"
"prinz_1237","tripadvisor_6984","1.0"
"prinz_2914","tripadvisor_1590","0.85"
"prinz_2848","tripadvisor_1608","0.9019607843137255"
"prinz_1787","tripadvisor_332","0.8181818181818182"
"prinz_558","tripadvisor_8140","1.0"
"prinz_9094","tripadvisor_3563","0.7058823529411764"
"prinz_961","tripadvisor_2565","0.8148148148148148"
"prinz_2853","tripadvisor_497","0.8846153846153846"
"prinz_2477","tripadvisor_6880","0.868421052631579"
"prinz_433","tripadvisor_7920","0.71875"
"prinz_1642","tripadvisor_880","0.8333333333333333"
"prinz_446","tripadvisor_6107","1.0"
"prinz_1908","tripadvisor_3992","0.736842105263158"
"prinz_1488","tripadvisor_6295","1.0"
"prinz_2227","tripadvisor_6467","0.8666666666666667"
"prinz_4712","tripadvisor_4828","0.7777777777777778"
"prinz_1805","tripadvisor_5070","0.9486607142857143"
"prinz_1867","tripadvisor_7353","0.9487179487179488"
"prinz_4657","tripadvisor_8039","1.0"
"prinz_1663","tripadvisor_1138","1.0"
"prinz_1481","tripadvisor_5620","0.7712418300653594"
"prinz_2518","tripadvisor_6454","0.7857142857142857"
"prinz_6517","tripadvisor_7590","0.7142857142857143"
"prinz_4741","tripadvisor_6617","0.8333333333333334"
"prinz_2608","tripadvisor_583","0.8888888888888888"
"prinz_4046","tripadvisor_3303","0.875"
"prinz_944","tripadvisor_6338","0.9642857142857143"
"prinz_2568","tripadvisor_1403","1.0"
"prinz_4052","tripadvisor_3288","0.8636363636363636"
"prinz_2713","tripadvisor_6830","1.0"
"prinz_9583","tripadvisor_7727","1.0"
"prinz_1523","tripadvisor_6111","0.7277777777777777"
"prinz_4328","tripadvisor_6003","0.9821428571428572"
"prinz_2845","tripadvisor_2530","1.0"
"prinz_1173","tripadvisor_2872","0.825"
"prinz_1086","tripadvisor_2042","0.7222222222222222"
"prinz_2218","tripadvisor_4811","0.7173913043478262"
"prinz_9751","tripadvisor_6683","1.0"
"prinz_4693","tripadvisor_5530","1.0"
"prinz_1444","tripadvisor_6653","1.0"
"prinz_190","tripadvisor_582","1.0"
"prinz_4853","tripadvisor_451","0.9876543209876543"
"prinz_561","tripadvisor_830","0.7222222222222223"
"prinz_9518","tripadvisor_189","0.7203907203907205"
"prinz_166","tripadvisor_2287","1.0"
"prinz_3376","tripadvisor_6566","1.0"
"prinz_5086","tripadvisor_5368","0.8505747126436782"
"prinz_661","tripadvisor_6991","1.0"
"prinz_2978","tripadvisor_5920","0.8235294117647058"
"prinz_2994","tripadvisor_3495","0.9333333333333333"
"prinz_231","tripadvisor_6227","0.9393939393939394"
"prinz_327","tripadvisor_6351","0.7142857142857143"
"prinz_1236","tripadvisor_532","1.0"
"prinz_1126","tripadvisor_2886","1.0"
"prinz_1699","tripadvisor_5760","0.9876543209876543"
"prinz_62","tripadvisor_4264","1.0"
"prinz_993","tripadvisor_1472","1.0"
"prinz_6157","tripadvisor_7141","0.7124183006535948"
"prinz_436","tripadvisor_5496","0.7301587301587302"
"prinz_2052","tripadvisor_6042","0.7286324786324786"
"prinz_2702","tripadvisor_833","1.0"
"prinz_5624","tripadvisor_7388","0.7083333333333334"
"prinz_2887","tripadvisor_2007","0.873015873015873"
"prinz_1205","tripadvisor_6982","0.8194444444444444"
"prinz_1874","tripadvisor_5659","0.903030303030303"
"prinz_624","tripadvisor_505","0.9333333333333332"
"prinz_2818","tripadvisor_5738","0.75"
"prinz_2192","tripadvisor_6110","0.7777777777777778"
"prinz_5690","tripadvisor_7617","0.9782608695652174"
"prinz_3972","tripadvisor_1752","1.0"
"prinz_3021","tripadvisor_3922","0.8333333333333334"
"prinz_6888","tripadvisor_7213","0.8823529411764706"
"prinz_2513","tripadvisor_6992","1.0"
"prinz_628","tripadvisor_2805","0.8115942028985508"
"prinz_1042","tripadvisor_6704","0.7890909090909091"
"prinz_1293","tripadvisor_463","0.7929292929292929"
"prinz_2129","tripadvisor_1434","1.0"
"prinz_606","tripadvisor_314","1.0"
"prinz_2667","tripadvisor_6735","0.7708333333333334"
"prinz_722","tripadvisor_6490","1.0"
