"prinz_2755","tripadvisor_6627","1.0"
"prinz_4331","tripadvisor_6841","1.0"
"prinz_2211","tripadvisor_6811","1.0"
"prinz_2444","tripadvisor_1185","1.0"
"prinz_1984","tripadvisor_6548","1.0"
"prinz_2204","tripadvisor_2868","1.0"
"prinz_1939","tripadvisor_103","1.0"
"prinz_317","tripadvisor_352","1.0"
"prinz_9560","tripadvisor_202","1.0"
"prinz_4287","tripadvisor_447","1.0"
"prinz_581","tripadvisor_6996","1.0"
"prinz_2179","tripadvisor_748","1.0"
"prinz_1759","tripadvisor_2301","1.0"
"prinz_576","tripadvisor_7287","1.0"
"prinz_779","tripadvisor_2890","1.0"
"prinz_1150","tripadvisor_928","0.9444444444444444"
"prinz_1853","tripadvisor_328","1.0"
"prinz_1820","tripadvisor_4815","1.0"
"prinz_4854","tripadvisor_5615","1.0"
"prinz_9120","tripadvisor_6715","1.0"
"prinz_9514","tripadvisor_262","1.0"
"prinz_1417","tripadvisor_297","1.0"
"prinz_907","tripadvisor_535","1.0"
"prinz_9799","tripadvisor_23","1.0"
"prinz_3035","tripadvisor_330","1.0"
"prinz_2579","tripadvisor_1464","1.0"
"prinz_580","tripadvisor_5197","1.0"
"prinz_336","tripadvisor_240","1.0"
"prinz_2207","tripadvisor_4131","1.0"
"prinz_6363","tripadvisor_8110","0.9166666666666666"
"prinz_2322","tripadvisor_2219","1.0"
"prinz_1730","tripadvisor_3283","0.9444444444444444"
"prinz_2540","tripadvisor_1563","1.0"
"prinz_1946","tripadvisor_3339","1.0"
"prinz_1248","tripadvisor_2778","1.0"
"prinz_1661","tripadvisor_488","1.0"
"prinz_2099","tripadvisor_7073","1.0"
"prinz_543","tripadvisor_740","1.0"
"prinz_356","tripadvisor_203","1.0"
"prinz_2581","tripadvisor_7291","1.0"
"prinz_4399","tripadvisor_893","1.0"
"prinz_6044","tripadvisor_7531","0.9444444444444444"
"prinz_2369","tripadvisor_7208","1.0"
"prinz_264","tripadvisor_6238","1.0"
"prinz_874","tripadvisor_1032","1.0"
"prinz_6605","tripadvisor_7554","1.0"
"prinz_837","tripadvisor_2537","1.0"
"prinz_3684","tripadvisor_4533","0.9375"
"prinz_2287","tripadvisor_2946","1.0"
"prinz_5584","tripadvisor_7480","1.0"
"prinz_301","tripadvisor_626","1.0"
"prinz_8215","tripadvisor_8020","1.0"
"prinz_2546","tripadvisor_899","1.0"
"prinz_9619","tripadvisor_255","1.0"
"prinz_5181","tripadvisor_8091","0.9333333333333333"
"prinz_2958","tripadvisor_5120","1.0"
"prinz_993","tripadvisor_1472","1.0"
"prinz_269","tripadvisor_5649","1.0"
"prinz_1749","tripadvisor_7049","1.0"
"prinz_586","tripadvisor_6870","1.0"
"prinz_2140","tripadvisor_4616","1.0"
"prinz_2715","tripadvisor_6917","1.0"
"prinz_5814","tripadvisor_513","0.9230769230769231"
"prinz_2580","tripadvisor_2098","1.0"
"prinz_4925","tripadvisor_6977","1.0"
"prinz_2053","tripadvisor_2082","1.0"
"prinz_780","tripadvisor_5204","1.0"
"prinz_423","tripadvisor_6940","1.0"
"prinz_4669","tripadvisor_7214","1.0"
"prinz_4742","tripadvisor_5928","1.0"
"prinz_1164","tripadvisor_3103","1.0"
"prinz_556","tripadvisor_3744","1.0"
"prinz_5037","tripadvisor_7362","1.0"
"prinz_2580","tripadvisor_6493","1.0"
"prinz_5021","tripadvisor_3240","1.0"
"prinz_509","tripadvisor_6410","1.0"
"prinz_2492","tripadvisor_1820","1.0"
"prinz_6153","tripadvisor_7533","1.0"
"prinz_2585","tripadvisor_6487","1.0"
"prinz_3067","tripadvisor_5379","1.0"
"prinz_1717","tripadvisor_812","1.0"
"prinz_9103","tripadvisor_3836","1.0"
"prinz_1576","tripadvisor_6475","1.0"
"prinz_2757","tripadvisor_5270","1.0"
"prinz_9646","tripadvisor_2247","1.0"
"prinz_3989","tripadvisor_6076","1.0"
"prinz_4931","tripadvisor_8129","1.0"
"prinz_1751","tripadvisor_7188","1.0"
"prinz_5061","tripadvisor_7620","1.0"
"prinz_2201","tripadvisor_2480","1.0"
"prinz_1405","tripadvisor_4173","0.9545454545454546"
"prinz_1941","tripadvisor_8128","1.0"
"prinz_2055","tripadvisor_6565","1.0"
"prinz_1511","tripadvisor_3005","1.0"
"prinz_795","tripadvisor_6250","1.0"
"prinz_1577","tripadvisor_7064","1.0"
"prinz_1516","tripadvisor_1330","1.0"
"prinz_1897","tripadvisor_7344","0.9166666666666666"
"prinz_439","tripadvisor_305","1.0"
"prinz_1102","tripadvisor_728","1.0"
"prinz_2721","tripadvisor_982","1.0"
"prinz_2519","tripadvisor_7957","1.0"
"prinz_2188","tripadvisor_6730","1.0"
"prinz_1083","tripadvisor_6943","0.9333333333333333"
"prinz_902","tripadvisor_1056","1.0"
"prinz_1805","tripadvisor_5070","0.9375"
"prinz_2281","tripadvisor_2339","1.0"
"prinz_4926","tripadvisor_8144","0.9230769230769231"
"prinz_2336","tripadvisor_5157","1.0"
"prinz_1237","tripadvisor_6984","1.0"
"prinz_2873","tripadvisor_6908","1.0"
"prinz_728","tripadvisor_4517","1.0"
"prinz_1794","tripadvisor_2598","1.0"
"prinz_9516","tripadvisor_4288","1.0"
"prinz_2654","tripadvisor_877","0.9333333333333333"
"prinz_2196","tripadvisor_2981","1.0"
"prinz_1044","tripadvisor_6798","1.0"
"prinz_270","tripadvisor_6672","1.0"
"prinz_3020","tripadvisor_2421","1.0"
"prinz_1504","tripadvisor_301","1.0"
"prinz_2564","tripadvisor_7142","1.0"
"prinz_1704","tripadvisor_6737","1.0"
"prinz_1207","tripadvisor_6689","1.0"
"prinz_9605","tripadvisor_7465","1.0"
"prinz_5300","tripadvisor_7402","1.0"
"prinz_2455","tripadvisor_181","1.0"
"prinz_1244","tripadvisor_197","1.0"
"prinz_842","tripadvisor_4518","1.0"
"prinz_1760","tripadvisor_5713","1.0"
"prinz_1449","tripadvisor_2291","1.0"
"prinz_1126","tripadvisor_2886","1.0"
"prinz_9583","tripadvisor_7727","1.0"
"prinz_2132","tripadvisor_279","1.0"
"prinz_6452","tripadvisor_8090","1.0"
"prinz_2478","tripadvisor_6692","0.9285714285714286"
"prinz_2963","tripadvisor_7071","0.92"
"prinz_553","tripadvisor_464","1.0"
"prinz_2562","tripadvisor_6543","1.0"
"prinz_466","tripadvisor_6502","1.0"
"prinz_2200","tripadvisor_4481","1.0"
"prinz_62","tripadvisor_4264","1.0"
"prinz_2797","tripadvisor_7323","1.0"
"prinz_723","tripadvisor_7384","1.0"
"prinz_1148","tripadvisor_778","1.0"
"prinz_2212","tripadvisor_8142","0.9285714285714286"
"prinz_2305","tripadvisor_7216","1.0"
"prinz_6359","tripadvisor_2500","1.0"
"prinz_2933","tripadvisor_8146","1.0"
"prinz_5204","tripadvisor_8137","1.0"
"prinz_2419","tripadvisor_7118","0.95"
"prinz_337","tripadvisor_1116","1.0"
"prinz_705","tripadvisor_894","1.0"
"prinz_3187","tripadvisor_6056","1.0"
"prinz_1444","tripadvisor_6653","1.0"
"prinz_4213","tripadvisor_3295","1.0"
"prinz_491","tripadvisor_6557","0.9090909090909091"
"prinz_906","tripadvisor_4986","1.0"
"prinz_503","tripadvisor_6648","1.0"
"prinz_608","tripadvisor_6705","1.0"
"prinz_783","tripadvisor_630","1.0"
"prinz_2937","tripadvisor_738","1.0"
"prinz_1665","tripadvisor_920","0.96"
"prinz_451","tripadvisor_6442","1.0"
"prinz_182","tripadvisor_410","1.0"
"prinz_1710","tripadvisor_6281","1.0"
"prinz_2133","tripadvisor_2289","1.0"
"prinz_709","tripadvisor_327","1.0"
"prinz_9783","tripadvisor_6567","1.0"
"prinz_1450","tripadvisor_6012","1.0"
"prinz_2432","tripadvisor_5164","1.0"
"prinz_5035","tripadvisor_6814","1.0"
"prinz_1844","tripadvisor_7444","1.0"
"prinz_893","tripadvisor_5772","1.0"
"prinz_4947","tripadvisor_7078","1.0"
"prinz_2263","tripadvisor_6598","1.0"
"prinz_6825","tripadvisor_360","1.0"
"prinz_2161","tripadvisor_6323","1.0"
"prinz_1885","tripadvisor_4921","1.0"
"prinz_2739","tripadvisor_7255","1.0"
"prinz_1888","tripadvisor_2882","1.0"
"prinz_1559","tripadvisor_10","1.0"
"prinz_6313","tripadvisor_7621","1.0"
"prinz_1752","tripadvisor_581","1.0"
"prinz_443","tripadvisor_6096","0.9"
"prinz_2363","tripadvisor_3138","0.9090909090909091"
"prinz_2181","tripadvisor_5526","1.0"
"prinz_2107","tripadvisor_1081","1.0"
"prinz_1505","tripadvisor_7038","1.0"
"prinz_9563","tripadvisor_2121","1.0"
"prinz_2182","tripadvisor_5877","0.9761904761904762"
"prinz_1785","tripadvisor_320","1.0"
"prinz_1472","tripadvisor_1659","1.0"
"prinz_2575","tripadvisor_7082","0.9523809523809523"
"prinz_4874","tripadvisor_1146","1.0"
"prinz_1066","tripadvisor_2392","1.0"
"prinz_9602","tripadvisor_8105","1.0"
"prinz_305","tripadvisor_3536","1.0"
"prinz_2004","tripadvisor_392","0.9411764705882353"
"prinz_183","tripadvisor_6866","1.0"
"prinz_2798","tripadvisor_799","1.0"
"prinz_2170","tripadvisor_5796","1.0"
"prinz_822","tripadvisor_420","0.9"
"prinz_1291","tripadvisor_7358","1.0"
"prinz_483","tripadvisor_5076","1.0"
"prinz_5912","tripadvisor_5789","0.9"
"prinz_7762","tripadvisor_2105","1.0"
"prinz_9624","tripadvisor_7217","1.0"
"prinz_7096","tripadvisor_7997","1.0"
"prinz_2071","tripadvisor_1182","0.9333333333333333"
"prinz_4330","tripadvisor_409","1.0"
"prinz_4328","tripadvisor_6003","0.9285714285714286"
"prinz_591","tripadvisor_1192","1.0"
"prinz_2966","tripadvisor_719","1.0"
"prinz_1696","tripadvisor_4555","0.9285714285714286"
"prinz_2241","tripadvisor_665","1.0"
"prinz_9565","tripadvisor_7416","1.0"
"prinz_505","tripadvisor_2227","1.0"
"prinz_2622","tripadvisor_6528","1.0"
"prinz_659","tripadvisor_7210","1.0"
"prinz_372","tripadvisor_4168","1.0"
"prinz_1948","tripadvisor_5574","1.0"
"prinz_1980","tripadvisor_295","1.0"
"prinz_6157","tripadvisor_7141","1.0"
"prinz_2433","tripadvisor_1167","1.0"
"prinz_429","tripadvisor_1010","1.0"
"prinz_4657","tripadvisor_299","1.0"
"prinz_209","tripadvisor_7209","1.0"
"prinz_282","tripadvisor_6763","1.0"
"prinz_2627","tripadvisor_6364","1.0"
"prinz_2050","tripadvisor_5906","1.0"
"prinz_1353","tripadvisor_730","1.0"
"prinz_1045","tripadvisor_936","1.0"
"prinz_111","tripadvisor_6981","1.0"
"prinz_4346","tripadvisor_6591","0.9411764705882353"
"prinz_2576","tripadvisor_6700","1.0"
"prinz_2194","tripadvisor_6576","1.0"
"prinz_2941","tripadvisor_4870","1.0"
"prinz_1767","tripadvisor_6348","1.0"
"prinz_351","tripadvisor_5780","1.0"
"prinz_4908","tripadvisor_4803","0.9090909090909091"
"prinz_2319","tripadvisor_704","1.0"
"prinz_2476","tripadvisor_2867","1.0"
"prinz_1858","tripadvisor_6428","1.0"
"prinz_1099","tripadvisor_206","1.0"
"prinz_1680","tripadvisor_3584","0.9166666666666666"
"prinz_2817","tripadvisor_2863","1.0"
"prinz_9712","tripadvisor_7072","1.0"
"prinz_579","tripadvisor_6846","0.9166666666666666"
"prinz_5012","tripadvisor_194","1.0"
"prinz_4273","tripadvisor_940","1.0"
"prinz_5690","tripadvisor_7617","0.9565217391304348"
"prinz_1520","tripadvisor_5180","1.0"
"prinz_861","tripadvisor_3924","1.0"
"prinz_1216","tripadvisor_4854","1.0"
"prinz_4286","tripadvisor_7127","0.95"
"prinz_635","tripadvisor_6140","1.0"
"prinz_2374","tripadvisor_6769","1.0"
"prinz_2453","tripadvisor_7059","1.0"
"prinz_2454","tripadvisor_5706","0.9523809523809523"
"prinz_1679","tripadvisor_4451","1.0"
"prinz_9598","tripadvisor_8085","1.0"
"prinz_2658","tripadvisor_1194","1.0"
"prinz_2808","tripadvisor_6331","1.0"
"prinz_5016","tripadvisor_6605","1.0"
"prinz_2046","tripadvisor_2801","1.0"
"prinz_2167","tripadvisor_216","1.0"
"prinz_5433","tripadvisor_5173","0.9230769230769231"
"prinz_1118","tripadvisor_2307","0.9230769230769231"
"prinz_660","tripadvisor_5907","1.0"
"prinz_2565","tripadvisor_204","1.0"
"prinz_447","tripadvisor_4794","0.9166666666666666"
"prinz_2210","tripadvisor_1665","1.0"
"prinz_1787","tripadvisor_332","1.0"
"prinz_6200","tripadvisor_8064","0.9230769230769231"
"prinz_1097","tripadvisor_7025","1.0"
"prinz_1486","tripadvisor_5448","1.0"
"prinz_341","tripadvisor_377","1.0"
"prinz_755","tripadvisor_6284","1.0"
"prinz_1188","tripadvisor_480","1.0"
"prinz_1421","tripadvisor_6479","1.0"
"prinz_5605","tripadvisor_7927","0.9166666666666666"
"prinz_587","tripadvisor_2404","1.0"
"prinz_2868","tripadvisor_8131","1.0"
"prinz_426","tripadvisor_1648","1.0"
"prinz_2818","tripadvisor_5738","1.0"
"prinz_35","tripadvisor_386","1.0"
"prinz_1307","tripadvisor_152","1.0"
"prinz_3992","tripadvisor_5965","1.0"
"prinz_2836","tripadvisor_6973","1.0"
"prinz_4932","tripadvisor_7472","1.0"
"prinz_470","tripadvisor_357","1.0"
"prinz_1521","tripadvisor_6","1.0"
"prinz_6175","tripadvisor_8030","1.0"
"prinz_2989","tripadvisor_1113","1.0"
"prinz_2464","tripadvisor_55","1.0"
"prinz_2314","tripadvisor_5990","1.0"
"prinz_1387","tripadvisor_6459","1.0"
"prinz_4657","tripadvisor_8039","1.0"
"prinz_2882","tripadvisor_1366","1.0"
"prinz_1629","tripadvisor_6197","0.9333333333333333"
"prinz_671","tripadvisor_699","1.0"
"prinz_2911","tripadvisor_372","1.0"
"prinz_901","tripadvisor_444","1.0"
"prinz_561","tripadvisor_6682","1.0"
"prinz_2596","tripadvisor_6680","1.0"
"prinz_9597","tripadvisor_7865","1.0"
"prinz_2436","tripadvisor_4310","1.0"
"prinz_4657","tripadvisor_2237","1.0"
"prinz_638","tripadvisor_243","1.0"
"prinz_2034","tripadvisor_847","1.0"
"prinz_1186","tripadvisor_6632","1.0"
"prinz_254","tripadvisor_2840","1.0"
"prinz_206","tripadvisor_5800","1.0"
"prinz_9149","tripadvisor_5508","1.0"
"prinz_9751","tripadvisor_6683","1.0"
"prinz_9185","tripadvisor_3112","1.0"
"prinz_575","tripadvisor_6889","1.0"
"prinz_3151","tripadvisor_2168","1.0"
"prinz_6510","tripadvisor_7556","1.0"
"prinz_765","tripadvisor_267","0.9230769230769231"
"prinz_164","tripadvisor_6106","1.0"
"prinz_1789","tripadvisor_6168","1.0"
"prinz_2679","tripadvisor_2580","0.9"
"prinz_2608","tripadvisor_583","1.0"
"prinz_2323","tripadvisor_6601","1.0"
"prinz_2284","tripadvisor_1695","1.0"
"prinz_1071","tripadvisor_4488","1.0"
"prinz_757","tripadvisor_3355","1.0"
"prinz_796","tripadvisor_5870","1.0"
"prinz_392","tripadvisor_4746","1.0"
"prinz_2851","tripadvisor_6581","1.0"
"prinz_190","tripadvisor_582","1.0"
"prinz_9643","tripadvisor_7369","1.0"
"prinz_165","tripadvisor_6886","1.0"
"prinz_3000","tripadvisor_6048","1.0"
"prinz_3025","tripadvisor_2768","1.0"
"prinz_446","tripadvisor_6107","1.0"
"prinz_468","tripadvisor_445","1.0"
"prinz_519","tripadvisor_6532","1.0"
"prinz_2983","tripadvisor_7070","1.0"
"prinz_1715","tripadvisor_2616","1.0"
"prinz_558","tripadvisor_8140","1.0"
"prinz_1560","tripadvisor_501","1.0"
"prinz_2301","tripadvisor_6472","1.0"
"prinz_6605","tripadvisor_6550","1.0"
"prinz_3138","tripadvisor_7177","1.0"
"prinz_2810","tripadvisor_7352","1.0"
"prinz_798","tripadvisor_2440","1.0"
"prinz_661","tripadvisor_6991","1.0"
"prinz_3009","tripadvisor_2315","1.0"
"prinz_877","tripadvisor_6661","1.0"
"prinz_232","tripadvisor_6847","1.0"
"prinz_1234","tripadvisor_3176","1.0"
"prinz_655","tripadvisor_277","1.0"
"prinz_2699","tripadvisor_6284","1.0"
"prinz_3088","tripadvisor_293","1.0"
"prinz_2075","tripadvisor_6764","1.0"
"prinz_2311","tripadvisor_5697","1.0"
"prinz_4762","tripadvisor_519","1.0"
"prinz_5013","tripadvisor_5994","1.0"
"prinz_603","tripadvisor_7152","1.0"
"prinz_9623","tripadvisor_7432","1.0"
"prinz_5205","tripadvisor_2982","1.0"
"prinz_2746","tripadvisor_4237","1.0"
"prinz_2019","tripadvisor_2158","1.0"
"prinz_2069","tripadvisor_3813","1.0"
"prinz_9441","tripadvisor_8071","1.0"
"prinz_9732","tripadvisor_6531","1.0"
"prinz_805","tripadvisor_526","1.0"
"prinz_2100","tripadvisor_656","1.0"
"prinz_2205","tripadvisor_5987","1.0"
"prinz_9559","tripadvisor_868","1.0"
"prinz_1934","tripadvisor_555","1.0"
"prinz_766","tripadvisor_6686","1.0"
"prinz_2447","tripadvisor_7341","1.0"
"prinz_702","tripadvisor_6928","1.0"
"prinz_2473","tripadvisor_253","1.0"
"prinz_2037","tripadvisor_4323","1.0"
"prinz_3006","tripadvisor_384","1.0"
"prinz_1137","tripadvisor_1836","1.0"
"prinz_636","tripadvisor_1974","1.0"
"prinz_3040","tripadvisor_1605","1.0"
"prinz_4326","tripadvisor_470","1.0"
"prinz_9426","tripadvisor_7640","1.0"
"prinz_2635","tripadvisor_116","1.0"
"prinz_296","tripadvisor_506","1.0"
"prinz_2979","tripadvisor_6447","1.0"
"prinz_2804","tripadvisor_2496","1.0"
"prinz_201","tripadvisor_522","1.0"
"prinz_486","tripadvisor_5187","1.0"
"prinz_299","tripadvisor_1609","1.0"
"prinz_2128","tripadvisor_4732","1.0"
"prinz_172","tripadvisor_6668","0.9642857142857143"
"prinz_1144","tripadvisor_5837","1.0"
"prinz_4972","tripadvisor_5295","1.0"
"prinz_879","tripadvisor_4759","1.0"
"prinz_1138","tripadvisor_192","1.0"
"prinz_1290","tripadvisor_7266","1.0"
"prinz_924","tripadvisor_6580","0.9333333333333333"
"prinz_4857","tripadvisor_3237","1.0"
"prinz_1582","tripadvisor_954","1.0"
"prinz_540","tripadvisor_1133","1.0"
"prinz_285","tripadvisor_7262","1.0"
"prinz_8700","tripadvisor_6326","1.0"
"prinz_678","tripadvisor_2717","1.0"
"prinz_2784","tripadvisor_5860","1.0"
"prinz_629","tripadvisor_2860","1.0"
"prinz_380","tripadvisor_381","1.0"
"prinz_4670","tripadvisor_7200","1.0"
"prinz_2811","tripadvisor_6985","1.0"
"prinz_2867","tripadvisor_6642","1.0"
"prinz_1100","tripadvisor_228","1.0"
"prinz_2222","tripadvisor_2799","0.9545454545454546"
"prinz_2752","tripadvisor_4189","1.0"
"prinz_1114","tripadvisor_3334","1.0"
"prinz_263","tripadvisor_2587","1.0"
"prinz_2154","tripadvisor_6201","1.0"
"prinz_2888","tripadvisor_5268","1.0"
"prinz_2644","tripadvisor_5040","1.0"
"prinz_1488","tripadvisor_6295","1.0"
"prinz_2605","tripadvisor_3132","1.0"
"prinz_1807","tripadvisor_2092","1.0"
"prinz_2686","tripadvisor_2615","1.0"
"prinz_2782","tripadvisor_6015","1.0"
"prinz_925","tripadvisor_1722","1.0"
"prinz_4078","tripadvisor_6736","1.0"
"prinz_940","tripadvisor_2020","1.0"
"prinz_2392","tripadvisor_5935","1.0"
"prinz_990","tripadvisor_6104","1.0"
"prinz_2494","tripadvisor_4365","1.0"
"prinz_287","tripadvisor_1307","1.0"
"prinz_352","tripadvisor_870","1.0"
"prinz_2607","tripadvisor_5612","1.0"
"prinz_2634","tripadvisor_7315","0.9090909090909091"
"prinz_1964","tripadvisor_4238","0.9333333333333333"
"prinz_1766","tripadvisor_5370","1.0"
"prinz_7665","tripadvisor_1795","1.0"
"prinz_2519","tripadvisor_6321","1.0"
"prinz_2096","tripadvisor_92","1.0"
"prinz_2687","tripadvisor_3350","1.0"
"prinz_2557","tripadvisor_6978","1.0"
"prinz_334","tripadvisor_977","1.0"
"prinz_4998","tripadvisor_4926","1.0"
"prinz_7941","tripadvisor_7498","1.0"
"prinz_1698","tripadvisor_4136","1.0"
"prinz_2870","tripadvisor_1303","1.0"
"prinz_1420","tripadvisor_2194","1.0"
"prinz_4759","tripadvisor_4219","1.0"
"prinz_1674","tripadvisor_2932","1.0"
"prinz_373","tripadvisor_4528","1.0"
"prinz_2845","tripadvisor_2530","1.0"
"prinz_3171","tripadvisor_1351","1.0"
"prinz_1545","tripadvisor_6857","1.0"
"prinz_1103","tripadvisor_6394","1.0"
"prinz_870","tripadvisor_568","1.0"
"prinz_2084","tripadvisor_7365","1.0"
"prinz_2283","tripadvisor_2163","1.0"
"prinz_9561","tripadvisor_6942","0.9"
"prinz_9562","tripadvisor_5779","1.0"
"prinz_1817","tripadvisor_4138","1.0"
"prinz_2396","tripadvisor_4818","0.9166666666666666"
"prinz_3051","tripadvisor_5168","1.0"
"prinz_2976","tripadvisor_1189","1.0"
"prinz_2689","tripadvisor_7385","1.0"
"prinz_2513","tripadvisor_6992","1.0"
"prinz_342","tripadvisor_7422","1.0"
"prinz_10001","tripadvisor_5166","1.0"
"prinz_2601","tripadvisor_2566","0.9230769230769231"
"prinz_1247","tripadvisor_593","1.0"
"prinz_715","tripadvisor_7017","0.9285714285714286"
"prinz_1987","tripadvisor_5133","1.0"
"prinz_1667","tripadvisor_6438","1.0"
"prinz_593","tripadvisor_4891","1.0"
"prinz_7136","tripadvisor_2861","1.0"
"prinz_2713","tripadvisor_6830","1.0"
"prinz_2124","tripadvisor_6352","1.0"
"prinz_2920","tripadvisor_1016","1.0"
"prinz_733","tripadvisor_1005","1.0"
"prinz_5303","tripadvisor_6257","1.0"
"prinz_2714","tripadvisor_7228","1.0"
"prinz_290","tripadvisor_4881","1.0"
"prinz_9122","tripadvisor_4388","1.0"
"prinz_4741","tripadvisor_6617","1.0"
"prinz_2814","tripadvisor_2931","1.0"
"prinz_3376","tripadvisor_6566","1.0"
"prinz_1016","tripadvisor_7158","1.0"
"prinz_623","tripadvisor_622","1.0"
"prinz_2796","tripadvisor_1859","1.0"
"prinz_2355","tripadvisor_667","1.0"
"prinz_9750","tripadvisor_4387","0.9285714285714286"
"prinz_2939","tripadvisor_517","1.0"
"prinz_3972","tripadvisor_1752","1.0"
"prinz_8340","tripadvisor_808","1.0"
"prinz_9734","tripadvisor_6929","1.0"
"prinz_1806","tripadvisor_1073","1.0"
"prinz_2357","tripadvisor_2207","1.0"
"prinz_4923","tripadvisor_2585","1.0"
"prinz_216","tripadvisor_5042","1.0"
"prinz_6171","tripadvisor_7492","1.0"
"prinz_1967","tripadvisor_6294","1.0"
"prinz_1642","tripadvisor_880","1.0"
"prinz_892","tripadvisor_411","0.9090909090909091"
"prinz_2178","tripadvisor_748","1.0"
"prinz_2542","tripadvisor_4489","1.0"
"prinz_2588","tripadvisor_5839","1.0"
"prinz_2183","tripadvisor_5931","1.0"
"prinz_271","tripadvisor_7030","1.0"
"prinz_1116","tripadvisor_5943","1.0"
"prinz_1397","tripadvisor_2586","1.0"
"prinz_2239","tripadvisor_1254","1.0"
"prinz_2631","tripadvisor_7002","1.0"
"prinz_557","tripadvisor_7342","1.0"
"prinz_1546","tripadvisor_5904","1.0"
"prinz_1968","tripadvisor_6430","1.0"
"prinz_4793","tripadvisor_7404","1.0"
"prinz_272","tripadvisor_5843","1.0"
"prinz_255","tripadvisor_4465","1.0"
"prinz_3034","tripadvisor_5614","1.0"
"prinz_9520","tripadvisor_7086","1.0"
"prinz_8689","tripadvisor_7873","1.0"
"prinz_2226","tripadvisor_6354","1.0"
"prinz_1647","tripadvisor_6334","1.0"
"prinz_2676","tripadvisor_4601","1.0"
"prinz_722","tripadvisor_6490","1.0"
"prinz_5108","tripadvisor_7599","1.0"
"prinz_452","tripadvisor_220","1.0"
"prinz_1602","tripadvisor_5308","1.0"
"prinz_1082","tripadvisor_6562","1.0"
"prinz_703","tripadvisor_17","0.9473684210526316"
"prinz_2160","tripadvisor_5563","0.9333333333333333"
"prinz_2680","tripadvisor_6862","1.0"
"prinz_1139","tripadvisor_223","1.0"
"prinz_2599","tripadvisor_6676","1.0"
"prinz_2710","tripadvisor_7251","1.0"
"prinz_6173","tripadvisor_8106","0.9166666666666666"
"prinz_2606","tripadvisor_638","1.0"
"prinz_3836","tripadvisor_2149","0.95"
"prinz_841","tripadvisor_792","0.9565217391304348"
"prinz_6510","tripadvisor_6774","1.0"
"prinz_2343","tripadvisor_179","1.0"
"prinz_9497","tripadvisor_7600","1.0"
"prinz_2546","tripadvisor_4949","1.0"
"prinz_2759","tripadvisor_7377","0.9166666666666666"
"prinz_9801","tripadvisor_4607","1.0"
"prinz_2898","tripadvisor_2545","0.9473684210526316"
"prinz_694","tripadvisor_6482","1.0"
"prinz_844","tripadvisor_2123","1.0"
"prinz_910","tripadvisor_6150","0.9166666666666666"
"prinz_525","tripadvisor_6579","1.0"
"prinz_2914","tripadvisor_1590","1.0"
"prinz_1685","tripadvisor_1207","1.0"
"prinz_7058","tripadvisor_7821","1.0"
"prinz_2558","tripadvisor_4570","1.0"
"prinz_606","tripadvisor_314","1.0"
"prinz_1112","tripadvisor_3417","1.0"
"prinz_500","tripadvisor_6964","1.0"
"prinz_2805","tripadvisor_3322","1.0"
"prinz_706","tripadvisor_186","1.0"
"prinz_1569","tripadvisor_798","1.0"
"prinz_850","tripadvisor_3244","1.0"
"prinz_730","tripadvisor_6049","1.0"
"prinz_4834","tripadvisor_6994","1.0"
"prinz_2317","tripadvisor_483","1.0"
"prinz_9287","tripadvisor_2905","1.0"
"prinz_2315","tripadvisor_3999","1.0"
"prinz_1839","tripadvisor_521","1.0"
"prinz_1236","tripadvisor_532","1.0"
"prinz_5595","tripadvisor_2241","1.0"
"prinz_245","tripadvisor_4135","1.0"
"prinz_268","tripadvisor_6913","1.0"
"prinz_2553","tripadvisor_6145","1.0"
"prinz_9798","tripadvisor_6860","1.0"
"prinz_944","tripadvisor_6338","1.0"
"prinz_4079","tripadvisor_1068","1.0"
"prinz_4274","tripadvisor_6882","1.0"
"prinz_689","tripadvisor_1685","1.0"
"prinz_1732","tripadvisor_3275","1.0"
"prinz_187","tripadvisor_4419","1.0"
"prinz_643","tripadvisor_453","1.0"
"prinz_9517","tripadvisor_455","1.0"
"prinz_4930","tripadvisor_254","1.0"
"prinz_2379","tripadvisor_6786","1.0"
"prinz_2910","tripadvisor_3098","0.9411764705882353"
"prinz_1152","tripadvisor_6369","1.0"
"prinz_2437","tripadvisor_2116","1.0"
"prinz_200","tripadvisor_5868","1.0"
"prinz_1151","tripadvisor_5545","1.0"
"prinz_1663","tripadvisor_1138","1.0"
"prinz_1905","tripadvisor_4","1.0"
"prinz_1855","tripadvisor_7088","1.0"
"prinz_662","tripadvisor_2471","1.0"
"prinz_9749","tripadvisor_1025","1.0"
"prinz_803","tripadvisor_242","1.0"
"prinz_2431","tripadvisor_5083","1.0"
"prinz_2129","tripadvisor_1434","1.0"
"prinz_2381","tripadvisor_7031","1.0"
"prinz_2671","tripadvisor_7435","1.0"
"prinz_9566","tripadvisor_7438","0.9565217391304348"
"prinz_2116","tripadvisor_4825","1.0"
"prinz_1539","tripadvisor_1631","1.0"
"prinz_641","tripadvisor_7267","1.0"
"prinz_2184","tripadvisor_280","1.0"
"prinz_8898","tripadvisor_2459","1.0"
"prinz_2403","tripadvisor_2189","1.0"
"prinz_1065","tripadvisor_6828","1.0"
"prinz_4655","tripadvisor_6437","1.0"
"prinz_2251","tripadvisor_7113","1.0"
"prinz_7508","tripadvisor_5648","1.0"
"prinz_9688","tripadvisor_832","1.0"
"prinz_1068","tripadvisor_650","1.0"
"prinz_2568","tripadvisor_1403","1.0"
"prinz_1628","tripadvisor_2627","1.0"
"prinz_1220","tripadvisor_6100","1.0"
"prinz_2988","tripadvisor_6688","0.9333333333333333"
"prinz_7936","tripadvisor_7704","1.0"
"prinz_2670","tripadvisor_1945","1.0"
"prinz_7088","tripadvisor_5743","1.0"
"prinz_2155","tripadvisor_6374","1.0"
"prinz_9318","tripadvisor_164","1.0"
"prinz_5027","tripadvisor_988","1.0"
"prinz_2172","tripadvisor_2209","1.0"
"prinz_2286","tripadvisor_2502","1.0"
"prinz_1470","tripadvisor_1363","1.0"
"prinz_2360","tripadvisor_458","1.0"
"prinz_708","tripadvisor_6335","1.0"
"prinz_2076","tripadvisor_6088","1.0"
"prinz_833","tripadvisor_2029","1.0"
"prinz_6176","tripadvisor_8061","1.0"
"prinz_169","tripadvisor_6845","1.0"
"prinz_2089","tripadvisor_380","1.0"
"prinz_407","tripadvisor_6819","1.0"
"prinz_612","tripadvisor_5804","1.0"
"prinz_5661","tripadvisor_1873","0.9583333333333334"
"prinz_4779","tripadvisor_2137","1.0"
"prinz_333","tripadvisor_6043","1.0"
"prinz_2961","tripadvisor_2294","1.0"
"prinz_9755","tripadvisor_6212","1.0"
"prinz_624","tripadvisor_505","1.0"
"prinz_2887","tripadvisor_2007","0.9285714285714286"
"prinz_854","tripadvisor_553","1.0"
"prinz_213","tripadvisor_5976","1.0"
"prinz_799","tripadvisor_224","1.0"
"prinz_9622","tripadvisor_6746","1.0"
"prinz_2711","tripadvisor_7215","1.0"
"prinz_1509","tripadvisor_4727","1.0"
"prinz_858","tripadvisor_5734","1.0"
"prinz_9601","tripadvisor_7497","1.0"
"prinz_4386","tripadvisor_4366","1.0"
"prinz_7715","tripadvisor_7565","1.0"
"prinz_6215","tripadvisor_8114","1.0"
"prinz_427","tripadvisor_6608","0.9090909090909091"
"prinz_1927","tripadvisor_2841","0.9285714285714286"
"prinz_9425","tripadvisor_8118","0.9333333333333333"
"prinz_5018","tripadvisor_268","1.0"
"prinz_2573","tripadvisor_1579","1.0"
"prinz_2969","tripadvisor_1139","1.0"
"prinz_785","tripadvisor_1549","1.0"
"prinz_2018","tripadvisor_7349","1.0"
"prinz_6157","tripadvisor_7477","1.0"
"prinz_1673","tripadvisor_2204","1.0"
"prinz_2316","tripadvisor_248","1.0"
"prinz_2495","tripadvisor_1089","1.0"
"prinz_1683","tripadvisor_6660","0.9130434782608696"
"prinz_2298","tripadvisor_2650","1.0"
"prinz_6431","tripadvisor_8029","1.0"
"prinz_2955","tripadvisor_354","1.0"
"prinz_4907","tripadvisor_6399","1.0"
"prinz_872","tripadvisor_4462","1.0"
"prinz_4440","tripadvisor_3079","0.95"
"prinz_2589","tripadvisor_3276","1.0"
"prinz_9960","tripadvisor_2749","1.0"
"prinz_2660","tripadvisor_979","0.9166666666666666"
"prinz_3877","tripadvisor_4615","0.9473684210526316"
"prinz_960","tripadvisor_1012","1.0"
"prinz_9870","tripadvisor_5646","1.0"
"prinz_1865","tripadvisor_815","0.9411764705882353"
"prinz_4207","tripadvisor_7452","1.0"
"prinz_9659","tripadvisor_5520","1.0"
"prinz_4743","tripadvisor_1258","1.0"
"prinz_2164","tripadvisor_4794","1.0"
"prinz_1643","tripadvisor_7354","0.9230769230769231"
"prinz_332","tripadvisor_797","1.0"
"prinz_2521","tripadvisor_7087","1.0"
"prinz_7104","tripadvisor_3389","1.0"
"prinz_4835","tripadvisor_7004","1.0"
"prinz_6517","tripadvisor_7590","1.0"
"prinz_2068","tripadvisor_763","1.0"
"prinz_430","tripadvisor_175","1.0"
"prinz_2088","tripadvisor_6611","1.0"
"prinz_720","tripadvisor_7077","1.0"
"prinz_4997","tripadvisor_7136","1.0"
"prinz_1051","tripadvisor_4084","1.0"
"prinz_2766","tripadvisor_5010","1.0"
"prinz_1822","tripadvisor_6569","0.9"
"prinz_724","tripadvisor_4319","1.0"
"prinz_1206","tripadvisor_6997","1.0"
"prinz_5245","tripadvisor_1373","1.0"
"prinz_2795","tripadvisor_6991","0.9285714285714286"
"prinz_704","tripadvisor_1027","1.0"
"prinz_2207","tripadvisor_3285","1.0"
"prinz_251","tripadvisor_963","0.9"
"prinz_2774","tripadvisor_6621","0.9545454545454546"
"prinz_1757","tripadvisor_3525","1.0"
"prinz_482","tripadvisor_7380","1.0"
"prinz_1312","tripadvisor_2149","0.95"
"prinz_4693","tripadvisor_5530","1.0"
"prinz_5617","tripadvisor_8055","1.0"
"prinz_7018","tripadvisor_927","1.0"
"prinz_1675","tripadvisor_3819","1.0"
"prinz_465","tripadvisor_7206","1.0"
"prinz_1501","tripadvisor_2790","1.0"
"prinz_5616","tripadvisor_8099","1.0"
"prinz_677","tripadvisor_1233","1.0"
"prinz_571","tripadvisor_498","0.9"
"prinz_2351","tripadvisor_5152","0.9090909090909091"
"prinz_3022","tripadvisor_7272","1.0"
"prinz_343","tripadvisor_6120","1.0"
"prinz_471","tripadvisor_221","1.0"
"prinz_340","tripadvisor_4215","0.9285714285714286"
"prinz_1049","tripadvisor_6873","1.0"
"prinz_2054","tripadvisor_2216","0.9615384615384616"
"prinz_839","tripadvisor_426","1.0"
"prinz_2115","tripadvisor_16","1.0"
"prinz_852","tripadvisor_5146","1.0"
"prinz_2740","tripadvisor_3338","1.0"
"prinz_1684","tripadvisor_5429","1.0"
"prinz_499","tripadvisor_3198","1.0"
"prinz_7115","tripadvisor_2367","1.0"
"prinz_6151","tripadvisor_7535","1.0"
"prinz_740","tripadvisor_6907","0.9333333333333333"
"prinz_522","tripadvisor_2358","1.0"
"prinz_195","tripadvisor_5573","1.0"
"prinz_2802","tripadvisor_512","1.0"
"prinz_2278","tripadvisor_346","1.0"
"prinz_855","tripadvisor_7378","0.9545454545454546"
"prinz_1095","tripadvisor_4416","1.0"
"prinz_5022","tripadvisor_605","1.0"
"prinz_1924","tripadvisor_7027","1.0"
"prinz_1531","tripadvisor_3934","1.0"
"prinz_2057","tripadvisor_7418","1.0"
"prinz_2836","tripadvisor_93","1.0"
"prinz_1106","tripadvisor_1401","1.0"
"prinz_1874","tripadvisor_5659","1.0"
"prinz_2479","tripadvisor_6909","1.0"
"prinz_2260","tripadvisor_4294","1.0"
"prinz_2256","tripadvisor_1737","1.0"
"prinz_2174","tripadvisor_4960","1.0"
"prinz_230","tripadvisor_6227","1.0"
"prinz_1033","tripadvisor_183","1.0"
"prinz_5036","tripadvisor_1690","1.0"
"prinz_395","tripadvisor_6772","1.0"
"prinz_1823","tripadvisor_1979","1.0"
"prinz_9510","tripadvisor_7493","1.0"
"prinz_4151","tripadvisor_675","1.0"
"prinz_2551","tripadvisor_4874","1.0"
"prinz_4948","tripadvisor_3761","1.0"
"prinz_680","tripadvisor_905","1.0"
"prinz_2533","tripadvisor_6775","1.0"
"prinz_9567","tripadvisor_5497","0.9444444444444444"
"prinz_4764","tripadvisor_236","1.0"
"prinz_707","tripadvisor_6957","1.0"
"prinz_1527","tripadvisor_4936","1.0"
"prinz_2743","tripadvisor_2135","0.9130434782608696"
"prinz_2335","tripadvisor_1069","1.0"
"prinz_2702","tripadvisor_833","1.0"
"prinz_1366","tripadvisor_4915","1.0"
"prinz_314","tripadvisor_611","1.0"
"prinz_544","tripadvisor_493","1.0"
"prinz_4228","tripadvisor_4220","1.0"
"prinz_2149","tripadvisor_575","1.0"
"prinz_453","tripadvisor_7062","1.0"
"prinz_2638","tripadvisor_1972","1.0"
"prinz_577","tripadvisor_585","1.0"
"prinz_9131","tripadvisor_90","1.0"
"prinz_1223","tripadvisor_4426","1.0"
"prinz_2007","tripadvisor_515","1.0"
"prinz_4288","tripadvisor_1054","0.9166666666666666"
"prinz_5389","tripadvisor_8143","1.0"
"prinz_353","tripadvisor_3106","1.0"
"prinz_1437","tripadvisor_6630","1.0"
"prinz_355","tripadvisor_1235","1.0"
"prinz_1634","tripadvisor_6933","1.0"
"prinz_2193","tripadvisor_4591","1.0"
"prinz_7591","tripadvisor_5238","0.9230769230769231"
"prinz_4190","tripadvisor_949","1.0"
"prinz_2659","tripadvisor_786","0.9166666666666666"
"prinz_5015","tripadvisor_2037","1.0"
"prinz_1944","tripadvisor_6419","1.0"
"prinz_2971","tripadvisor_1184","1.0"
"prinz_3082","tripadvisor_1163","1.0"
"prinz_9606","tripadvisor_7278","1.0"
"prinz_5077","tripadvisor_7608","1.0"
"prinz_1263","tripadvisor_1294","1.0"
"prinz_1715","tripadvisor_590","1.0"
"prinz_2098","tripadvisor_5589","1.0"
"prinz_7347","tripadvisor_5390","1.0"
"prinz_3033","tripadvisor_6919","1.0"
"prinz_2420","tripadvisor_7454","1.0"
"prinz_2082","tripadvisor_6951","1.0"
"prinz_9648","tripadvisor_5606","0.9285714285714286"
"prinz_2458","tripadvisor_407","1.0"
"prinz_3087","tripadvisor_1599","1.0"
"prinz_572","tripadvisor_467","1.0"
"prinz_455","tripadvisor_6773","1.0"
"prinz_521","tripadvisor_230","1.0"
"prinz_9626","tripadvisor_7469","1.0"
"prinz_536","tripadvisor_4341","1.0"
"prinz_4721","tripadvisor_2396","1.0"
"prinz_3152","tripadvisor_6711","1.0"
"prinz_1306","tripadvisor_2329","0.9722222222222222"
"prinz_8313","tripadvisor_7900","1.0"
"prinz_2095","tripadvisor_6131","1.0"
"prinz_1608","tripadvisor_595","1.0"
"prinz_9647","tripadvisor_1117","1.0"
"prinz_2142","tripadvisor_2775","0.9333333333333333"
"prinz_1245","tripadvisor_4317","1.0"
"prinz_9513","tripadvisor_6671","1.0"
"prinz_1530","tripadvisor_1015","1.0"
"prinz_4853","tripadvisor_451","1.0"
"prinz_726","tripadvisor_3183","0.9090909090909091"
"prinz_4344","tripadvisor_390","1.0"
"prinz_3975","tripadvisor_6670","1.0"
"prinz_2378","tripadvisor_6233","1.0"
"prinz_1669","tripadvisor_7441","1.0"
"prinz_2395","tripadvisor_7382","1.0"
"prinz_1513","tripadvisor_3119","1.0"
"prinz_2959","tripadvisor_5611","1.0"
"prinz_304","tripadvisor_6439","1.0"
"prinz_2338","tripadvisor_7042","1.0"
"prinz_4080","tripadvisor_7280","1.0"
"prinz_1837","tripadvisor_2395","1.0"
"prinz_2677","tripadvisor_6211","1.0"
"prinz_2441","tripadvisor_5419","1.0"
"prinz_424","tripadvisor_2297","1.0"
"prinz_4188","tripadvisor_7442","1.0"
"prinz_2349","tripadvisor_3931","1.0"
"prinz_5019","tripadvisor_1051","1.0"
"prinz_2531","tripadvisor_335","1.0"
"prinz_4","tripadvisor_4151","1.0"
"prinz_4933","tripadvisor_629","0.9333333333333333"
"prinz_1350","tripadvisor_5681","1.0"
"prinz_192","tripadvisor_308","1.0"
"prinz_1166","tripadvisor_7363","1.0"
"prinz_327","tripadvisor_6351","1.0"
"prinz_3005","tripadvisor_343","1.0"
"prinz_2967","tripadvisor_4750","1.0"
"prinz_2931","tripadvisor_3227","1.0"
"prinz_4928","tripadvisor_536","1.0"
"prinz_3016","tripadvisor_1029","0.9090909090909091"
"prinz_5118","tripadvisor_8094","1.0"
"prinz_517","tripadvisor_7218","1.0"
"prinz_2834","tripadvisor_7373","0.9411764705882353"
"prinz_2952","tripadvisor_3071","1.0"
"prinz_1699","tripadvisor_5760","1.0"
"prinz_2619","tripadvisor_411","1.0"
"prinz_2339","tripadvisor_6625","1.0"
"prinz_3016","tripadvisor_6035","0.9090909090909091"
"prinz_2225","tripadvisor_6783","1.0"
"prinz_166","tripadvisor_2287","1.0"
"prinz_1122","tripadvisor_7326","0.9375"
"prinz_609","tripadvisor_5748","1.0"
"prinz_2860","tripadvisor_1430","1.0"
"prinz_1705","tripadvisor_606","1.0"
"prinz_4135","tripadvisor_6491","1.0"
"prinz_9640","tripadvisor_368","1.0"
"prinz_559","tripadvisor_6910","1.0"
"prinz_658","tripadvisor_4751","1.0"
"prinz_535","tripadvisor_4862","1.0"
"prinz_958","tripadvisor_6302","1.0"
"prinz_5077","tripadvisor_5554","1.0"
"prinz_2192","tripadvisor_6110","1.0"
"prinz_250","tripadvisor_7413","1.0"
"prinz_463","tripadvisor_367","1.0"
"prinz_578","tripadvisor_6765","1.0"
"prinz_6331","tripadvisor_2508","1.0"
"prinz_693","tripadvisor_5746","1.0"
"prinz_853","tripadvisor_5755","1.0"
"prinz_6643","tripadvisor_2110","1.0"
"prinz_9645","tripadvisor_1940","1.0"
"prinz_2536","tripadvisor_7066","1.0"
"prinz_174","tripadvisor_5567","1.0"
"prinz_4839","tripadvisor_745","0.9090909090909091"
"prinz_4268","tripadvisor_6692","1.0"
"prinz_2951","tripadvisor_5413","1.0"
"prinz_942","tripadvisor_743","0.9375"
"prinz_1135","tripadvisor_3258","1.0"
"prinz_2801","tripadvisor_545","1.0"
"prinz_4194","tripadvisor_1952","1.0"
"prinz_2985","tripadvisor_7293","1.0"
"prinz_448","tripadvisor_6455","1.0"
