"prinz_9462","yelp_29623","0.9259259259259259"
"prinz_5849","yelp_11111","1.0"
"prinz_5756","yelp_6747","0.9629629629629629"
"prinz_2998","yelp_7836","0.9365079365079364"
"prinz_9910","yelp_17958","1.0"
"prinz_5927","yelp_19152","0.9649122807017544"
"prinz_2081","yelp_15304","0.9111111111111111"
"prinz_9491","yelp_24926","1.0"
"prinz_1601","yelp_4905","0.9298245614035089"
"prinz_9828","yelp_8768","1.0"
"prinz_3635","yelp_18775","0.9629629629629629"
"prinz_5387","yelp_11921","1.0"
"prinz_9166","yelp_26533","1.0"
"prinz_7790","yelp_6688","1.0"
"prinz_9003","yelp_5843","0.9473684210526315"
"prinz_9452","yelp_15386","0.9358974358974358"
"prinz_6857","yelp_26646","1.0"
"prinz_6545","yelp_27802","1.0"
"prinz_668","yelp_30581","1.0"
"prinz_9085","yelp_34807","1.0"
"prinz_8254","yelp_6907","1.0"
"prinz_4362","yelp_17607","1.0"
"prinz_9320","yelp_21345","1.0"
"prinz_6179","yelp_32318","0.9523809523809524"
"prinz_2817","yelp_17394","0.9393939393939394"
"prinz_1739","yelp_8152","0.9555555555555556"
"prinz_8890","yelp_25106","1.0"
"prinz_9574","yelp_3303","0.9047619047619048"
"prinz_7278","yelp_16215","0.9047619047619048"
"prinz_8542","yelp_24557","1.0"
"prinz_5478","yelp_16782","1.0"
"prinz_2380","yelp_30483","0.9333333333333332"
"prinz_5957","yelp_7569","1.0"
"prinz_9303","yelp_27471","1.0"
"prinz_2201","yelp_11219","0.9333333333333332"
"prinz_9572","yelp_28001","0.9629629629629629"
"prinz_8095","yelp_18712","1.0"
"prinz_8430","yelp_10877","1.0"
"prinz_7474","yelp_17911","1.0"
"prinz_4427","yelp_29802","1.0"
"prinz_5321","yelp_15850","0.9761904761904763"
"prinz_3403","yelp_9929","1.0"
"prinz_7616","yelp_33510","1.0"
"prinz_9638","yelp_28717","0.9285714285714285"
"prinz_9319","yelp_25439","1.0"
"prinz_9397","yelp_15575","1.0"
"prinz_8016","yelp_4593","1.0"
"prinz_4588","yelp_3423","1.0"
"prinz_8817","yelp_11249","1.0"
"prinz_4282","yelp_16060","1.0"
"prinz_664","yelp_9871","0.9"
"prinz_8046","yelp_2728","0.9365079365079364"
"prinz_6475","yelp_19239","1.0"
"prinz_8802","yelp_9674","1.0"
"prinz_6262","yelp_4504","1.0"
"prinz_4203","yelp_7590","0.9047619047619048"
"prinz_2023","yelp_11824","1.0"
"prinz_6071","yelp_14680","1.0"
"prinz_1706","yelp_814","0.9420289855072465"
"prinz_2937","yelp_12410","1.0"
"prinz_3714","yelp_27563","0.9166666666666666"
"prinz_3685","yelp_13833","0.9166666666666666"
"prinz_4604","yelp_33665","0.9696969696969697"
"prinz_1616","yelp_19425","0.9259259259259259"
"prinz_7857","yelp_10972","1.0"
"prinz_8790","yelp_17772","1.0"
"prinz_1297","yelp_21641","0.9666666666666667"
"prinz_1355","yelp_30528","1.0"
"prinz_3412","yelp_2803","0.9047619047619048"
"prinz_8690","yelp_5839","0.9629629629629629"
"prinz_3684","yelp_25151","1.0"
"prinz_8870","yelp_24935","0.9523809523809524"
"prinz_7819","yelp_17553","1.0"
"prinz_7736","yelp_22267","1.0"
"prinz_9806","yelp_5568","1.0"
"prinz_2464","yelp_11772","1.0"
"prinz_648","yelp_25760","1.0"
"prinz_9174","yelp_31240","1.0"
"prinz_7043","yelp_1210","1.0"
"prinz_8577","yelp_26046","0.9555555555555556"
"prinz_7243","yelp_18167","1.0"
"prinz_9765","yelp_27276","1.0"
"prinz_2034","yelp_16409","0.9848484848484849"
"prinz_2954","yelp_22260","0.9696969696969697"
"prinz_5708","yelp_7881","0.9666666666666667"
"prinz_8151","yelp_17786","1.0"
"prinz_1339","yelp_10748","1.0"
"prinz_296","yelp_8898","0.9095238095238095"
"prinz_2257","yelp_2340","1.0"
"prinz_7096","yelp_6295","1.0"
"prinz_7372","yelp_30781","1.0"
"prinz_742","yelp_27996","0.9"
"prinz_6423","yelp_32988","0.9722222222222222"
"prinz_3666","yelp_8340","1.0"
"prinz_8885","yelp_34363","1.0"
"prinz_8888","yelp_12049","0.9696969696969697"
"prinz_2237","yelp_22431","1.0"
"prinz_1229","yelp_1125","1.0"
"prinz_60","yelp_6565","1.0"
"prinz_2849","yelp_33080","1.0"
"prinz_7927","yelp_3205","0.9791666666666666"
"prinz_7992","yelp_1832","0.9292929292929294"
"prinz_8656","yelp_481","1.0"
"prinz_6461","yelp_11098","0.9583333333333334"
"prinz_8426","yelp_1283","1.0"
"prinz_7604","yelp_20834","0.9629629629629629"
"prinz_3450","yelp_4126","0.9359477124183005"
"prinz_8190","yelp_650","1.0"
"prinz_8880","yelp_20968","1.0"
"prinz_7230","yelp_33292","0.9215686274509803"
"prinz_3939","yelp_18424","1.0"
"prinz_2101","yelp_28481","0.9047619047619048"
"prinz_3913","yelp_22588","1.0"
"prinz_5912","yelp_25279","0.9411764705882352"
"prinz_6455","yelp_13869","0.9047619047619048"
"prinz_2726","yelp_5118","1.0"
"prinz_8679","yelp_12025","1.0"
"prinz_9886","yelp_11838","1.0"
"prinz_2286","yelp_18883","0.9871794871794872"
"prinz_8502","yelp_6554","1.0"
"prinz_9377","yelp_4055","0.9487179487179488"
"prinz_7122","yelp_153","1.0"
"prinz_5526","yelp_28489","0.9057971014492754"
"prinz_8324","yelp_28298","1.0"
"prinz_5564","yelp_33001","1.0"
"prinz_6156","yelp_7013","0.9523809523809524"
"prinz_6624","yelp_2703","1.0"
"prinz_5770","yelp_5162","0.9583333333333334"
"prinz_5300","yelp_18045","1.0"
"prinz_4972","yelp_30668","1.0"
"prinz_223","yelp_18380","1.0"
"prinz_3618","yelp_8886","1.0"
"prinz_2269","yelp_7071","1.0"
"prinz_555","yelp_21937","1.0"
"prinz_949","yelp_15522","1.0"
"prinz_653","yelp_8218","1.0"
"prinz_6881","yelp_34605","0.9"
"prinz_7335","yelp_22887","1.0"
"prinz_9883","yelp_10930","0.9"
"prinz_9827","yelp_13988","0.9259259259259259"
"prinz_9428","yelp_7173","1.0"
"prinz_1894","yelp_6969","1.0"
"prinz_1578","yelp_29617","0.9629629629629629"
"prinz_7140","yelp_27004","0.9607843137254902"
"prinz_4043","yelp_9664","1.0"
"prinz_8514","yelp_30386","1.0"
"prinz_523","yelp_5880","1.0"
"prinz_5573","yelp_19239","0.9074074074074074"
"prinz_7615","yelp_21073","0.9019607843137255"
"prinz_743","yelp_18220","1.0"
"prinz_8410","yelp_33614","1.0"
"prinz_5094","yelp_12774","1.0"
"prinz_2433","yelp_15616","0.9629629629629629"
"prinz_8527","yelp_15181","0.9523809523809524"
"prinz_1090","yelp_19499","0.9479166666666666"
"prinz_8146","yelp_27007","1.0"
"prinz_8483","yelp_26844","1.0"
"prinz_5131","yelp_33136","1.0"
"prinz_8643","yelp_10691","1.0"
"prinz_9687","yelp_6821","1.0"
"prinz_1799","yelp_13459","1.0"
"prinz_891","yelp_17861","1.0"
"prinz_7612","yelp_7597","0.9722222222222222"
"prinz_8091","yelp_10532","0.9523809523809524"
"prinz_9000","yelp_19512","1.0"
"prinz_8302","yelp_1847","0.9666666666666667"
"prinz_3501","yelp_11300","1.0"
"prinz_8111","yelp_32440","0.9047619047619048"
"prinz_9048","yelp_19893","0.9583333333333334"
"prinz_4872","yelp_31675","1.0"
"prinz_8487","yelp_11911","1.0"
"prinz_1626","yelp_21875","1.0"
"prinz_1174","yelp_10295","1.0"
"prinz_7244","yelp_12701","1.0"
"prinz_7818","yelp_10378","0.9629629629629629"
"prinz_8219","yelp_2107","1.0"
"prinz_8783","yelp_17947","0.9523809523809524"
"prinz_7833","yelp_27773","1.0"
"prinz_298","yelp_25085","0.9696969696969697"
"prinz_9526","yelp_24558","1.0"
"prinz_3394","yelp_11147","0.9733333333333333"
"prinz_1470","yelp_10998","0.9696969696969697"
"prinz_1727","yelp_29117","1.0"
"prinz_7433","yelp_11351","0.9047619047619048"
"prinz_4065","yelp_453","1.0"
"prinz_8047","yelp_10925","0.9629629629629629"
"prinz_6873","yelp_16679","1.0"
"prinz_8512","yelp_27702","1.0"
"prinz_7115","yelp_24319","0.96875"
"prinz_713","yelp_22535","0.9047619047619048"
"prinz_2836","yelp_33800","1.0"
"prinz_3402","yelp_19251","0.9772727272727272"
"prinz_8158","yelp_23856","1.0"
"prinz_9257","yelp_23163","0.9259259259259259"
"prinz_5978","yelp_24268","0.9649122807017544"
"prinz_8946","yelp_19122","0.9444444444444445"
"prinz_8633","yelp_29739","1.0"
"prinz_5313","yelp_27656","0.9649122807017544"
"prinz_9860","yelp_28269","1.0"
"prinz_3572","yelp_1356","1.0"
"prinz_5633","yelp_31075","1.0"
"prinz_323","yelp_3001","0.9824561403508772"
"prinz_7079","yelp_4070","1.0"
"prinz_9057","yelp_25272","0.9743589743589745"
"prinz_9835","yelp_30378","0.9696969696969697"
"prinz_8762","yelp_9165","1.0"
"prinz_10000","yelp_13717","1.0"
"prinz_717","yelp_16129","0.9682539682539683"
"prinz_9960","yelp_33833","0.9474747474747476"
"prinz_6740","yelp_22869","1.0"
"prinz_8407","yelp_31767","1.0"
"prinz_5658","yelp_32624","0.9761904761904763"
"prinz_6397","yelp_21646","0.9393939393939394"
"prinz_9669","yelp_5986","0.9583333333333334"
"prinz_1883","yelp_10653","1.0"
"prinz_2594","yelp_13633","1.0"
"prinz_8093","yelp_24759","1.0"
"prinz_5649","yelp_20771","0.9696969696969697"
"prinz_3528","yelp_184","0.9166666666666666"
"prinz_8585","yelp_3770","0.9666666666666667"
"prinz_9248","yelp_20755","0.9199999999999999"
"prinz_9030","yelp_26017","1.0"
"prinz_8522","yelp_17508","1.0"
"prinz_3439","yelp_8717","1.0"
"prinz_2323","yelp_20948","1.0"
"prinz_4741","yelp_23288","1.0"
"prinz_9576","yelp_9976","1.0"
"prinz_1344","yelp_23966","1.0"
"prinz_1614","yelp_16125","0.927536231884058"
"prinz_4675","yelp_10016","0.9803921568627452"
"prinz_9615","yelp_12207","1.0"
"prinz_8325","yelp_25928","1.0"
"prinz_4584","yelp_17551","1.0"
"prinz_1576","yelp_11923","1.0"
"prinz_4860","yelp_16680","0.9444444444444443"
"prinz_8580","yelp_29194","1.0"
"prinz_6735","yelp_9574","1.0"
"prinz_5153","yelp_32177","0.9066666666666666"
"prinz_5828","yelp_9245","1.0"
"prinz_7229","yelp_15732","1.0"
"prinz_9554","yelp_23893","0.9523809523809524"
"prinz_8272","yelp_50","0.9607843137254902"
"prinz_5996","yelp_32774","1.0"
"prinz_8314","yelp_25645","1.0"
"prinz_1917","yelp_32839","0.9444444444444443"
"prinz_1332","yelp_593","1.0"
"prinz_412","yelp_32909","1.0"
"prinz_2845","yelp_30075","1.0"
"prinz_7421","yelp_5988","1.0"
"prinz_7504","yelp_30001","1.0"
"prinz_9621","yelp_5605","1.0"
"prinz_5270","yelp_34608","1.0"
"prinz_4943","yelp_19508","0.9607843137254902"
"prinz_8620","yelp_28610","0.9629629629629629"
"prinz_7928","yelp_19264","1.0"
"prinz_2915","yelp_33521","1.0"
"prinz_9817","yelp_5637","1.0"
"prinz_6046","yelp_7818","1.0"
"prinz_8131","yelp_11243","1.0"
"prinz_8298","yelp_4733","1.0"
"prinz_4460","yelp_21773","1.0"
"prinz_7496","yelp_504","1.0"
"prinz_4430","yelp_11079","1.0"
"prinz_2802","yelp_7525","1.0"
"prinz_3591","yelp_21258","1.0"
"prinz_9046","yelp_30941","0.9333333333333332"
"prinz_8405","yelp_9005","1.0"
"prinz_7033","yelp_12067","0.9166666666666666"
"prinz_26","yelp_27057","1.0"
"prinz_8174","yelp_22952","1.0"
"prinz_9587","yelp_32743","1.0"
"prinz_2445","yelp_21409","0.9333333333333332"
"prinz_6823","yelp_5861","0.9333333333333332"
"prinz_6503","yelp_1224","0.9416666666666668"
"prinz_8001","yelp_11667","0.9629629629629629"
"prinz_9789","yelp_2152","1.0"
"prinz_9905","yelp_7791","1.0"
"prinz_8365","yelp_20027","1.0"
"prinz_1390","yelp_21172","1.0"
"prinz_6126","yelp_17482","1.0"
"prinz_5768","yelp_23709","0.9710144927536232"
"prinz_6109","yelp_1154","0.9186991869918698"
"prinz_8706","yelp_11986","1.0"
"prinz_1193","yelp_9179","1.0"
"prinz_995","yelp_31829","1.0"
"prinz_6413","yelp_16334","1.0"
"prinz_8550","yelp_28720","0.9090909090909092"
"prinz_6508","yelp_1346","1.0"
"prinz_3629","yelp_21632","0.9215686274509803"
"prinz_4434","yelp_6434","1.0"
"prinz_2944","yelp_22275","1.0"
"prinz_2497","yelp_20486","0.9420289855072465"
"prinz_7691","yelp_3280","1.0"
"prinz_9643","yelp_24688","0.9791666666666666"
"prinz_2474","yelp_16143","0.9666666666666667"
"prinz_1311","yelp_12031","1.0"
"prinz_913","yelp_13279","1.0"
"prinz_2661","yelp_27733","0.9473684210526315"
"prinz_7169","yelp_17118","1.0"
"prinz_8546","yelp_21366","1.0"
"prinz_9153","yelp_31477","1.0"
"prinz_5860","yelp_13701","1.0"
"prinz_5241","yelp_21583","1.0"
"prinz_5299","yelp_23335","1.0"
"prinz_9306","yelp_11407","1.0"
"prinz_8910","yelp_321","0.9814814814814815"
"prinz_51","yelp_27593","1.0"
"prinz_4918","yelp_1630","0.9074074074074074"
"prinz_2423","yelp_17460","0.9130434782608695"
"prinz_2597","yelp_1084","1.0"
"prinz_6900","yelp_31731","1.0"
"prinz_57","yelp_18175","1.0"
"prinz_2869","yelp_26420","1.0"
"prinz_8489","yelp_21547","0.9607843137254902"
"prinz_5963","yelp_22456","1.0"
"prinz_79","yelp_20678","0.9090909090909092"
"prinz_84","yelp_12588","1.0"
"prinz_5829","yelp_22225","0.9244444444444445"
"prinz_5967","yelp_34059","1.0"
"prinz_6966","yelp_31237","1.0"
"prinz_8402","yelp_24143","0.9555555555555556"
"prinz_2609","yelp_22418","0.9166666666666666"
"prinz_3621","yelp_27655","0.9166666666666666"
"prinz_7242","yelp_23457","1.0"
"prinz_8652","yelp_10751","1.0"
"prinz_650","yelp_26832","0.9523809523809524"
"prinz_6930","yelp_18836","1.0"
"prinz_7553","yelp_15287","1.0"
"prinz_5802","yelp_32","1.0"
"prinz_1790","yelp_24824","1.0"
"prinz_915","yelp_12946","1.0"
"prinz_1264","yelp_32665","0.9019607843137255"
"prinz_362","yelp_24383","1.0"
"prinz_8123","yelp_12086","1.0"
"prinz_8821","yelp_17532","1.0"
"prinz_4658","yelp_17082","1.0"
"prinz_8521","yelp_22582","1.0"
"prinz_2255","yelp_3178","1.0"
"prinz_7405","yelp_31707","1.0"
"prinz_2874","yelp_25209","1.0"
"prinz_4532","yelp_31843","0.9682539682539683"
"prinz_7196","yelp_20804","0.9047619047619048"
"prinz_4098","yelp_34089","1.0"
"prinz_9691","yelp_18758","0.9607843137254902"
"prinz_5855","yelp_29382","1.0"
"prinz_8654","yelp_27726","1.0"
"prinz_7594","yelp_1225","1.0"
"prinz_439","yelp_23573","0.923076923076923"
"prinz_18","yelp_4524","0.9047619047619048"
"prinz_8343","yelp_29711","0.9791666666666666"
"prinz_4822","yelp_6770","0.9803921568627452"
"prinz_9497","yelp_3031","1.0"
"prinz_8204","yelp_27534","1.0"
"prinz_4168","yelp_6975","1.0"
"prinz_1030","yelp_15161","1.0"
"prinz_8175","yelp_9746","0.9047619047619048"
"prinz_8171","yelp_33032","0.9629629629629629"
"prinz_7124","yelp_8930","1.0"
"prinz_8285","yelp_6855","1.0"
"prinz_8259","yelp_1799","0.9365079365079364"
"prinz_9956","yelp_15003","1.0"
"prinz_225","yelp_12199","0.9696969696969697"
"prinz_6694","yelp_15235","1.0"
"prinz_8050","yelp_30013","0.9743589743589745"
"prinz_9644","yelp_22988","0.9696969696969697"
"prinz_6976","yelp_13943","1.0"
"prinz_1641","yelp_306","0.9607843137254902"
"prinz_5234","yelp_14115","1.0"
"prinz_8462","yelp_5240","0.9607843137254902"
"prinz_8446","yelp_17452","0.9555555555555556"
"prinz_4314","yelp_29028","0.9404761904761904"
"prinz_8867","yelp_137","0.9074074074074074"
"prinz_6927","yelp_28200","1.0"
"prinz_9234","yelp_20822","0.9629629629629629"
"prinz_8604","yelp_7433","0.9761904761904763"
"prinz_3507","yelp_3249","0.9607843137254902"
"prinz_6765","yelp_1081","1.0"
"prinz_8255","yelp_33406","0.9743589743589745"
"prinz_6758","yelp_14206","1.0"
"prinz_5187","yelp_30139","0.9666666666666667"
"prinz_7950","yelp_33525","0.9444444444444445"
"prinz_9341","yelp_24452","1.0"
"prinz_9947","yelp_34504","0.9607843137254902"
"prinz_2564","yelp_15183","1.0"
"prinz_8176","yelp_19319","1.0"
"prinz_8139","yelp_1213","1.0"
"prinz_7213","yelp_9128","0.9629629629629629"
"prinz_1549","yelp_16698","1.0"
"prinz_8848","yelp_16804","0.9848484848484849"
"prinz_9321","yelp_12764","1.0"
"prinz_7071","yelp_27667","0.9555555555555556"
"prinz_1115","yelp_11349","0.9722222222222222"
"prinz_8376","yelp_24028","1.0"
"prinz_471","yelp_13307","0.9298245614035089"
"prinz_8519","yelp_13865","1.0"
"prinz_4422","yelp_29823","1.0"
"prinz_9088","yelp_30344","0.9649122807017544"
"prinz_4622","yelp_2219","0.9696969696969697"
"prinz_2585","yelp_16672","0.9607843137254902"
"prinz_7199","yelp_10810","1.0"
"prinz_3451","yelp_16259","0.912280701754386"
"prinz_1127","yelp_8238","1.0"
"prinz_2613","yelp_17183","1.0"
"prinz_4961","yelp_2969","1.0"
"prinz_8642","yelp_6711","1.0"
"prinz_3927","yelp_22526","1.0"
"prinz_7613","yelp_7498","1.0"
"prinz_1019","yelp_28320","0.9607843137254902"
"prinz_1412","yelp_16859","1.0"
"prinz_8683","yelp_22154","1.0"
"prinz_9467","yelp_7431","0.9523809523809524"
"prinz_5903","yelp_2943","1.0"
"prinz_458","yelp_16308","1.0"
"prinz_2749","yelp_12697","1.0"
"prinz_1181","yelp_20823","1.0"
"prinz_9050","yelp_129","1.0"
"prinz_3663","yelp_27648","1.0"
"prinz_9551","yelp_28327","1.0"
"prinz_9557","yelp_14713","0.9841269841269842"
"prinz_4143","yelp_6320","1.0"
"prinz_7763","yelp_17524","1.0"
"prinz_6286","yelp_28205","1.0"
"prinz_39","yelp_18309","1.0"
"prinz_4959","yelp_23047","1.0"
"prinz_1445","yelp_9790","0.9500000000000001"
"prinz_142","yelp_27588","1.0"
"prinz_2725","yelp_20609","1.0"
"prinz_6577","yelp_527","0.9607843137254902"
"prinz_5139","yelp_32645","0.9935897435897436"
"prinz_8795","yelp_23721","0.9298245614035089"
"prinz_1560","yelp_1812","1.0"
"prinz_6671","yelp_11256","1.0"
"prinz_8771","yelp_20200","0.9649122807017544"
"prinz_5451","yelp_9448","1.0"
"prinz_4825","yelp_34133","1.0"
"prinz_8060","yelp_21240","0.9111111111111111"
"prinz_9601","yelp_21857","1.0"
"prinz_4177","yelp_6378","1.0"
"prinz_6616","yelp_29196","0.9666666666666667"
"prinz_6075","yelp_31856","1.0"
"prinz_6256","yelp_29122","1.0"
"prinz_6015","yelp_30624","0.9259259259259259"
"prinz_3478","yelp_24870","1.0"
"prinz_8334","yelp_22036","0.9444444444444443"
"prinz_3645","yelp_6133","0.9047619047619048"
"prinz_8637","yelp_4749","1.0"
"prinz_541","yelp_21939","1.0"
"prinz_6471","yelp_31105","1.0"
"prinz_8076","yelp_14762","1.0"
"prinz_9287","yelp_27917","1.0"
"prinz_85","yelp_29165","0.9090909090909092"
"prinz_9142","yelp_18820","1.0"
"prinz_8572","yelp_8378","1.0"
"prinz_9578","yelp_20102","1.0"
"prinz_8940","yelp_27412","0.9814814814814815"
"prinz_7545","yelp_2","1.0"
"prinz_1558","yelp_34425","0.9629629629629629"
"prinz_1192","yelp_23407","1.0"
"prinz_496","yelp_28927","0.9444444444444443"
"prinz_4094","yelp_20896","0.9710144927536232"
"prinz_8148","yelp_9208","0.9484126984126985"
"prinz_5012","yelp_20212","0.9753086419753086"
"prinz_1559","yelp_18720","1.0"
"prinz_9504","yelp_17733","1.0"
"prinz_8395","yelp_5491","1.0"
"prinz_2808","yelp_23007","1.0"
"prinz_6526","yelp_20543","0.9399509803921569"
"prinz_8806","yelp_9968","1.0"
"prinz_9795","yelp_16748","1.0"
"prinz_2477","yelp_7909","0.9201228878648232"
"prinz_7065","yelp_14218","1.0"
"prinz_6322","yelp_28581","1.0"
"prinz_8473","yelp_4088","1.0"
"prinz_4535","yelp_17590","1.0"
"prinz_8118","yelp_31255","0.9649122807017544"
"prinz_5661","yelp_32750","0.9814814814814815"
"prinz_5659","yelp_8809","1.0"
"prinz_6959","yelp_19286","1.0"
"prinz_932","yelp_2105","0.9047619047619048"
"prinz_5281","yelp_34522","1.0"
"prinz_8661","yelp_8891","1.0"
"prinz_6704","yelp_18409","0.9629629629629629"
"prinz_8129","yelp_7140","1.0"
"prinz_1728","yelp_25331","1.0"
"prinz_3963","yelp_20448","0.9743589743589745"
"prinz_8438","yelp_34308","0.9607843137254902"
"prinz_4470","yelp_30275","1.0"
"prinz_1131","yelp_13265","0.919732441471572"
"prinz_7587","yelp_4287","0.9"
"prinz_2611","yelp_27205","0.9791666666666666"
"prinz_9184","yelp_24825","0.9523809523809524"
"prinz_7909","yelp_333","1.0"
"prinz_7087","yelp_4731","1.0"
"prinz_3603","yelp_1185","1.0"
"prinz_8138","yelp_5550","1.0"
"prinz_3460","yelp_9915","1.0"
"prinz_4313","yelp_13837","1.0"
"prinz_8644","yelp_6546","0.9761904761904763"
"prinz_6862","yelp_9008","0.9444444444444445"
"prinz_8432","yelp_15560","1.0"
"prinz_408","yelp_16224","1.0"
"prinz_4317","yelp_19505","1.0"
"prinz_8653","yelp_24347","1.0"
"prinz_3566","yelp_8504","0.9166666666666666"
"prinz_9214","yelp_21236","0.9393939393939394"
"prinz_6491","yelp_28677","1.0"
"prinz_542","yelp_12464","1.0"
"prinz_9288","yelp_1431","1.0"
"prinz_8970","yelp_6695","0.9"
"prinz_9260","yelp_9588","1.0"
"prinz_6339","yelp_25079","1.0"
"prinz_8049","yelp_33226","1.0"
"prinz_6437","yelp_33003","1.0"
"prinz_5764","yelp_19184","0.9333333333333332"
"prinz_6404","yelp_8112","1.0"
"prinz_8321","yelp_34807","0.9444444444444445"
"prinz_2378","yelp_31443","1.0"
"prinz_9605","yelp_5182","1.0"
"prinz_5720","yelp_1043","1.0"
"prinz_4528","yelp_31786","1.0"
"prinz_6294","yelp_23439","1.0"
"prinz_7465","yelp_883","1.0"
"prinz_8431","yelp_2496","1.0"
"prinz_5040","yelp_14269","1.0"
"prinz_1662","yelp_27767","0.9555555555555556"
"prinz_806","yelp_6689","0.9135802469135802"
"prinz_3595","yelp_27580","1.0"
"prinz_5073","yelp_24783","0.9523809523809524"
"prinz_8005","yelp_15407","1.0"
"prinz_9371","yelp_26078","1.0"
"prinz_974","yelp_25361","1.0"
"prinz_7560","yelp_4368","0.9333333333333332"
"prinz_8288","yelp_29394","1.0"
"prinz_7248","yelp_4120","0.9523809523809524"
"prinz_9536","yelp_17017","1.0"
"prinz_487","yelp_3107","1.0"
"prinz_713","yelp_21657","1.0"
"prinz_8628","yelp_25387","1.0"
"prinz_112","yelp_30240","0.9047619047619048"
"prinz_1681","yelp_14850","0.9666666666666667"
"prinz_8226","yelp_16514","1.0"
"prinz_1563","yelp_21706","1.0"
"prinz_4463","yelp_27634","0.9848484848484849"
"prinz_2939","yelp_28828","1.0"
"prinz_5709","yelp_7758","1.0"
"prinz_4296","yelp_13896","0.9375"
"prinz_7817","yelp_9675","1.0"
"prinz_6728","yelp_11070","1.0"
"prinz_8929","yelp_14711","0.9487179487179488"
"prinz_5319","yelp_34222","1.0"
"prinz_864","yelp_33245","1.0"
"prinz_147","yelp_21075","1.0"
"prinz_2943","yelp_23902","1.0"
"prinz_6063","yelp_24611","0.9743589743589745"
"prinz_1800","yelp_7691","1.0"
"prinz_9476","yelp_5210","1.0"
"prinz_6563","yelp_8412","0.9298245614035089"
"prinz_884","yelp_20857","1.0"
"prinz_7467","yelp_13956","0.9"
"prinz_5271","yelp_4368","1.0"
"prinz_8701","yelp_6867","1.0"
"prinz_759","yelp_20872","1.0"
"prinz_9880","yelp_6546","1.0"
"prinz_6762","yelp_32031","1.0"
"prinz_9499","yelp_2605","1.0"
"prinz_902","yelp_1305","0.9629629629629629"
"prinz_1210","yelp_21222","0.9312169312169312"
"prinz_2512","yelp_32385","0.9743589743589745"
"prinz_8205","yelp_31849","1.0"
"prinz_8368","yelp_25524","1.0"
"prinz_7259","yelp_8343","1.0"
"prinz_9225","yelp_21449","1.0"
"prinz_1256","yelp_26193","0.9583333333333334"
"prinz_8601","yelp_5336","1.0"
"prinz_9299","yelp_26156","1.0"
"prinz_7898","yelp_26486","1.0"
"prinz_4928","yelp_10041","1.0"
"prinz_7081","yelp_910","1.0"
"prinz_8800","yelp_17289","1.0"
"prinz_36","yelp_22181","1.0"
"prinz_6708","yelp_33740","0.9090909090909092"
"prinz_4995","yelp_28249","1.0"
"prinz_8758","yelp_8142","1.0"
"prinz_1802","yelp_2390","1.0"
"prinz_4476","yelp_28142","1.0"
"prinz_5169","yelp_3947","1.0"
"prinz_9450","yelp_23743","0.9803921568627452"
"prinz_8308","yelp_7767","1.0"
"prinz_4007","yelp_7656","1.0"
"prinz_6824","yelp_9680","0.9722222222222223"
"prinz_8505","yelp_19748","1.0"
"prinz_9871","yelp_21813","1.0"
"prinz_8451","yelp_3775","1.0"
"prinz_6799","yelp_20420","1.0"
"prinz_5013","yelp_12103","1.0"
"prinz_9033","yelp_9351","0.9666666666666667"
"prinz_7540","yelp_16030","0.9629629629629629"
"prinz_4552","yelp_12914","1.0"
"prinz_1818","yelp_24965","1.0"
"prinz_629","yelp_28803","1.0"
"prinz_8677","yelp_25647","0.9523809523809524"
"prinz_8124","yelp_4412","0.9761904761904763"
"prinz_968","yelp_31425","0.9487179487179488"
"prinz_8507","yelp_27847","1.0"
"prinz_7327","yelp_9897","1.0"
"prinz_2004","yelp_13832","1.0"
"prinz_322","yelp_32905","1.0"
"prinz_9618","yelp_6598","1.0"
"prinz_845","yelp_26949","1.0"
"prinz_6726","yelp_15048","0.9722222222222223"
"prinz_7481","yelp_33290","1.0"
"prinz_7509","yelp_24980","0.9047619047619048"
"prinz_8109","yelp_14219","1.0"
"prinz_2965","yelp_15974","1.0"
"prinz_8276","yelp_19549","1.0"
"prinz_475","yelp_31589","1.0"
"prinz_6426","yelp_4911","1.0"
"prinz_9890","yelp_14226","0.9393939393939394"
"prinz_2287","yelp_10657","1.0"
"prinz_1994","yelp_2606","0.9252525252525251"
"prinz_2480","yelp_30797","0.9722222222222223"
"prinz_2719","yelp_19912","1.0"
"prinz_1384","yelp_14475","1.0"
"prinz_414","yelp_8113","0.9298245614035089"
"prinz_9873","yelp_13364","1.0"
"prinz_16","yelp_28789","1.0"
"prinz_7089","yelp_20341","1.0"
"prinz_578","yelp_21935","1.0"
"prinz_8728","yelp_47","0.923076923076923"
"prinz_7702","yelp_14051","0.9487179487179488"
"prinz_8615","yelp_10533","0.9393939393939394"
"prinz_169","yelp_34396","1.0"
"prinz_8007","yelp_9931","1.0"
"prinz_9278","yelp_6062","0.9090909090909092"
"prinz_2837","yelp_19027","0.9163879598662209"
"prinz_9183","yelp_15290","1.0"
"prinz_604","yelp_1602","1.0"
"prinz_7688","yelp_21341","0.9696969696969697"
"prinz_6194","yelp_24160","1.0"
"prinz_8712","yelp_27327","1.0"
"prinz_1979","yelp_11740","0.9027777777777777"
"prinz_985","yelp_31484","1.0"
"prinz_6614","yelp_34096","1.0"
"prinz_1761","yelp_31708","0.9666666666666667"
"prinz_4311","yelp_5836","0.9090909090909092"
"prinz_8984","yelp_8318","1.0"
"prinz_6214","yelp_27371","1.0"
"prinz_7959","yelp_2289","1.0"
"prinz_5466","yelp_11466","1.0"
"prinz_8172","yelp_24971","0.9710144927536232"
"prinz_3120","yelp_19376","1.0"
"prinz_2212","yelp_4992","0.9629629629629629"
"prinz_6689","yelp_18282","1.0"
"prinz_8370","yelp_25532","0.9393939393939394"
"prinz_8813","yelp_26893","1.0"
"prinz_4461","yelp_29769","1.0"
"prinz_6709","yelp_16557","1.0"
"prinz_7576","yelp_22206","1.0"
"prinz_9624","yelp_29970","0.9047619047619048"
"prinz_766","yelp_23320","0.9696969696969697"
"prinz_8484","yelp_18475","1.0"
"prinz_6124","yelp_30397","0.9710144927536232"
"prinz_1615","yelp_2639","0.9027777777777777"
"prinz_8074","yelp_20264","0.9487179487179488"
"prinz_8756","yelp_2883","1.0"
"prinz_1513","yelp_21134","1.0"
"prinz_4478","yelp_27258","1.0"
"prinz_9441","yelp_8175","1.0"
"prinz_8456","yelp_2505","1.0"
"prinz_4555","yelp_11977","1.0"
"prinz_1373","yelp_31248","0.923076923076923"
"prinz_463","yelp_31482","0.9722222222222222"
"prinz_4440","yelp_5251","1.0"
"prinz_1865","yelp_2735","0.9333333333333332"
"prinz_785","yelp_16691","0.9301994301994302"
"prinz_1353","yelp_29746","0.9333333333333332"
"prinz_7503","yelp_13367","1.0"
"prinz_1259","yelp_26163","1.0"
"prinz_2420","yelp_19176","1.0"
"prinz_58","yelp_24043","0.9743589743589745"
"prinz_6749","yelp_11283","1.0"
"prinz_5346","yelp_26680","1.0"
"prinz_8058","yelp_12078","1.0"
"prinz_8094","yelp_2950","0.9166666666666666"
"prinz_8460","yelp_17691","1.0"
"prinz_8605","yelp_19380","1.0"
"prinz_8767","yelp_4991","1.0"
"prinz_4980","yelp_6632","0.9393939393939394"
"prinz_6745","yelp_20193","1.0"
"prinz_400","yelp_30617","1.0"
"prinz_7330","yelp_17122","0.9111111111111111"
"prinz_8053","yelp_19557","1.0"
"prinz_6428","yelp_18193","1.0"
"prinz_8121","yelp_32268","0.9047619047619048"
"prinz_2561","yelp_7848","0.9166666666666666"
"prinz_8906","yelp_29434","1.0"
"prinz_8839","yelp_30950","1.0"
"prinz_6344","yelp_8360","1.0"
"prinz_1555","yelp_13527","1.0"
"prinz_6424","yelp_25790","1.0"
"prinz_4308","yelp_23669","0.9182194616977227"
"prinz_9307","yelp_25309","1.0"
"prinz_755","yelp_11314","1.0"
"prinz_1989","yelp_3115","1.0"
"prinz_1699","yelp_1526","1.0"
"prinz_9285","yelp_9763","0.9629629629629629"
"prinz_167","yelp_4162","0.9753086419753086"
"prinz_1130","yelp_26522","1.0"
"prinz_7048","yelp_23071","0.9682539682539683"
"prinz_5262","yelp_16066","1.0"
"prinz_5903","yelp_17543","0.9459459459459459"
"prinz_9101","yelp_20917","1.0"
"prinz_8666","yelp_32187","1.0"
"prinz_9055","yelp_32935","0.9298245614035089"
"prinz_8132","yelp_24536","1.0"
"prinz_1059","yelp_838","0.9649122807017544"
"prinz_505","yelp_32113","0.9666666666666667"
"prinz_8567","yelp_15234","1.0"
"prinz_8787","yelp_4029","0.9252525252525251"
"prinz_8075","yelp_15112","0.9365079365079364"
"prinz_4115","yelp_20329","1.0"
"prinz_9782","yelp_4029","0.9555555555555556"
"prinz_7470","yelp_5138","1.0"
"prinz_9155","yelp_30667","1.0"
"prinz_8515","yelp_20808","0.9090909090909092"
"prinz_319","yelp_4506","1.0"
"prinz_5856","yelp_24267","1.0"
"prinz_9894","yelp_1129","1.0"
"prinz_9339","yelp_30332","1.0"
"prinz_805","yelp_5027","1.0"
"prinz_3930","yelp_9707","0.9166666666666666"
"prinz_8825","yelp_23832","1.0"
"prinz_3368","yelp_1738","0.9249999999999999"
"prinz_5115","yelp_29640","1.0"
"prinz_2400","yelp_25462","0.9629629629629629"
"prinz_1937","yelp_34330","0.9649122807017544"
"prinz_1367","yelp_3166","0.9682539682539683"
"prinz_8941","yelp_1508","1.0"
"prinz_8798","yelp_16190","0.9444444444444445"
"prinz_5207","yelp_14126","0.96875"
"prinz_9472","yelp_19755","1.0"
"prinz_9396","yelp_20276","1.0"
"prinz_1133","yelp_8021","1.0"
"prinz_2724","yelp_5041","0.9130434782608695"
"prinz_4451","yelp_15640","1.0"
"prinz_726","yelp_19853","1.0"
"prinz_5611","yelp_26799","0.9722222222222222"
"prinz_9053","yelp_26158","1.0"
"prinz_9967","yelp_14939","1.0"
"prinz_42","yelp_29985","1.0"
"prinz_1770","yelp_16966","0.9674796747967479"
"prinz_9092","yelp_12284","0.9487179487179488"
"prinz_9859","yelp_13496","1.0"
"prinz_9340","yelp_7994","1.0"
"prinz_8478","yelp_24363","1.0"
"prinz_9071","yelp_10868","0.9583333333333334"
"prinz_355","yelp_28437","1.0"
"prinz_8458","yelp_949","1.0"
"prinz_4446","yelp_12920","1.0"
"prinz_3535","yelp_12235","0.9199999999999999"
"prinz_9270","yelp_9435","1.0"
"prinz_669","yelp_11811","1.0"
"prinz_6369","yelp_27850","0.9629629629629629"
"prinz_8107","yelp_18838","1.0"
"prinz_8778","yelp_29329","1.0"
"prinz_9093","yelp_2829","1.0"
"prinz_7577","yelp_8389","1.0"
"prinz_784","yelp_32635","0.912280701754386"
"prinz_8268","yelp_4684","0.9130434782608695"
"prinz_7332","yelp_14266","0.9095238095238095"
"prinz_9477","yelp_7797","0.9333333333333332"
"prinz_4598","yelp_7293","0.9012345679012346"
"prinz_1595","yelp_30663","1.0"
"prinz_1998","yelp_5650","0.9135802469135802"
"prinz_5224","yelp_2803","1.0"
"prinz_983","yelp_25451","1.0"
"prinz_2783","yelp_18607","1.0"
"prinz_2316","yelp_6264","0.9420289855072465"
"prinz_6311","yelp_11637","1.0"
"prinz_4100","yelp_27993","0.9365079365079364"
"prinz_8354","yelp_23967","1.0"
"prinz_9651","yelp_21911","0.9583333333333334"
"prinz_7105","yelp_34126","0.9130434782608695"
"prinz_426","yelp_2455","1.0"
"prinz_7097","yelp_27203","1.0"
"prinz_4785","yelp_29496","1.0"
"prinz_5178","yelp_20116","0.9583333333333334"
"prinz_8765","yelp_4742","1.0"
"prinz_7402","yelp_15987","0.9453044375644994"
"prinz_661","yelp_26432","1.0"
"prinz_8631","yelp_12645","0.9583333333333334"
"prinz_8775","yelp_9778","1.0"
"prinz_8773","yelp_23306","0.9722222222222222"
"prinz_17","yelp_32825","0.9682539682539683"
"prinz_6036","yelp_6358","0.9649122807017544"
"prinz_457","yelp_26259","0.9130434782608695"
"prinz_3995","yelp_7759","0.9215686274509803"
"prinz_8199","yelp_21742","1.0"
"prinz_6629","yelp_16516","0.9722222222222222"
"prinz_6952","yelp_33882","1.0"
"prinz_4999","yelp_28861","0.9111488398415393"
"prinz_5683","yelp_6630","1.0"
"prinz_6768","yelp_18981","1.0"
"prinz_1696","yelp_5214","0.9710144927536232"
"prinz_7537","yelp_13661","0.9733333333333333"
"prinz_9976","yelp_16842","0.9722222222222223"
"prinz_7254","yelp_270","0.9487179487179488"
"prinz_8470","yelp_1633","1.0"
"prinz_5844","yelp_5678","0.9583333333333334"
"prinz_7652","yelp_19841","0.9791666666666666"
"prinz_3867","yelp_7951","1.0"
"prinz_3472","yelp_1288","1.0"
"prinz_9560","yelp_2283","1.0"
"prinz_3510","yelp_19954","1.0"
"prinz_5834","yelp_18635","0.9487179487179488"
"prinz_9254","yelp_13783","1.0"
"prinz_1844","yelp_3886","1.0"
"prinz_8287","yelp_21970","0.9333333333333332"
"prinz_6770","yelp_26271","0.9130434782608695"
"prinz_8231","yelp_15794","1.0"
"prinz_3346","yelp_25620","1.0"
"prinz_8377","yelp_27264","1.0"
"prinz_335","yelp_2516","1.0"
"prinz_6425","yelp_30083","1.0"
"prinz_8534","yelp_204","1.0"
"prinz_7526","yelp_28773","1.0"
"prinz_7567","yelp_18921","0.9487179487179488"
"prinz_6769","yelp_8246","0.9555555555555556"
"prinz_262","yelp_5788","1.0"
"prinz_2282","yelp_33255","1.0"
"prinz_3688","yelp_16513","1.0"
"prinz_2053","yelp_32213","0.9607843137254902"
"prinz_6192","yelp_16283","0.9629629629629629"
"prinz_4603","yelp_29307","1.0"
"prinz_6547","yelp_9085","0.9393939393939394"
"prinz_2830","yelp_26488","1.0"
"prinz_2093","yelp_2873","0.9761904761904763"
"prinz_4419","yelp_13470","1.0"
"prinz_8976","yelp_6668","1.0"
"prinz_8924","yelp_24735","1.0"
"prinz_6325","yelp_26192","1.0"
"prinz_7322","yelp_6250","0.9130434782608695"
"prinz_9500","yelp_21908","1.0"
"prinz_8375","yelp_10287","0.9629629629629629"
"prinz_1909","yelp_28636","1.0"
"prinz_6646","yelp_19239","0.9074074074074074"
"prinz_9170","yelp_1711","1.0"
"prinz_6782","yelp_16731","1.0"
"prinz_2513","yelp_34729","1.0"
"prinz_984","yelp_33772","1.0"
"prinz_4111","yelp_33952","1.0"
"prinz_8610","yelp_23295","1.0"
"prinz_2424","yelp_14697","1.0"
"prinz_896","yelp_4104","0.9"
"prinz_6983","yelp_33601","1.0"
"prinz_8280","yelp_25733","1.0"
"prinz_8498","yelp_17047","1.0"
"prinz_6300","yelp_5551","1.0"
"prinz_6367","yelp_2049","1.0"
"prinz_9485","yelp_26047","1.0"
"prinz_2337","yelp_28946","0.9696969696969697"
"prinz_2697","yelp_19988","1.0"
"prinz_329","yelp_5649","1.0"
"prinz_2265","yelp_22503","0.9074074074074074"
"prinz_8028","yelp_27324","0.90625"
"prinz_67","yelp_20629","1.0"
"prinz_8195","yelp_31978","1.0"
"prinz_8589","yelp_4622","1.0"
"prinz_8393","yelp_30853","1.0"
"prinz_8934","yelp_14122","1.0"
"prinz_6515","yelp_28963","0.9111111111111111"
"prinz_102","yelp_12164","0.9333333333333332"
"prinz_5397","yelp_4396","0.9777777777777779"
"prinz_524","yelp_14797","0.9131652661064426"
"prinz_7963","yelp_4068","1.0"
"prinz_7660","yelp_17409","1.0"
"prinz_8006","yelp_16783","1.0"
"prinz_8639","yelp_31230","1.0"
"prinz_5369","yelp_24779","1.0"
"prinz_3800","yelp_14844","1.0"
"prinz_9657","yelp_19401","1.0"
"prinz_267","yelp_29917","0.9696969696969697"
"prinz_9418","yelp_28758","0.9791666666666666"
"prinz_8965","yelp_9176","0.9376811594202898"
"prinz_1643","yelp_12582","0.9090909090909092"
"prinz_8170","yelp_4770","1.0"
"prinz_5785","yelp_6885","1.0"
"prinz_1461","yelp_22628","1.0"
"prinz_652","yelp_17636","1.0"
"prinz_9097","yelp_9963","0.9629629629629629"
"prinz_9014","yelp_5849","1.0"
"prinz_4568","yelp_801","1.0"
"prinz_7473","yelp_11617","1.0"
"prinz_9192","yelp_7687","1.0"
"prinz_4106","yelp_25350","0.9222222222222222"
"prinz_6747","yelp_6978","1.0"
"prinz_6039","yelp_18256","1.0"
"prinz_3437","yelp_8661","0.9629629629629629"
"prinz_1949","yelp_29221","0.9629629629629629"
"prinz_6591","yelp_7552","1.0"
"prinz_5087","yelp_19400","0.9583333333333334"
"prinz_2266","yelp_17863","1.0"
"prinz_7246","yelp_24627","1.0"
"prinz_7887","yelp_25755","1.0"
"prinz_6057","yelp_982","1.0"
"prinz_1592","yelp_29817","1.0"
"prinz_5463","yelp_13363","1.0"
"prinz_1900","yelp_3863","0.9682539682539683"
"prinz_7328","yelp_31334","1.0"
"prinz_529","yelp_15972","0.9462962962962962"
"prinz_25","yelp_34768","0.9583333333333334"
"prinz_6125","yelp_16687","0.9555555555555556"
"prinz_8611","yelp_3727","1.0"
"prinz_8930","yelp_32023","1.0"
"prinz_7657","yelp_7481","0.9267399267399267"
"prinz_6168","yelp_17370","1.0"
"prinz_4861","yelp_9032","0.9365079365079364"
"prinz_6433","yelp_8310","1.0"
"prinz_2396","yelp_11133","0.9"
"prinz_3345","yelp_13152","0.9310344827586207"
"prinz_8747","yelp_27411","1.0"
"prinz_3904","yelp_34293","0.9195402298850576"
"prinz_655","yelp_2418","1.0"
"prinz_1716","yelp_33397","1.0"
"prinz_8340","yelp_4048","0.9090909090909092"
"prinz_3984","yelp_29619","1.0"
"prinz_2285","yelp_11716","1.0"
"prinz_7694","yelp_3006","1.0"
"prinz_2641","yelp_10137","1.0"
"prinz_9715","yelp_31259","0.9583333333333334"
"prinz_632","yelp_15278","0.9607843137254902"
"prinz_5841","yelp_15221","0.9090909090909092"
"prinz_6227","yelp_3766","0.9583333333333334"
"prinz_5379","yelp_15585","1.0"
"prinz_2587","yelp_13559","1.0"
"prinz_9160","yelp_32389","1.0"
"prinz_7555","yelp_19899","0.9791666666666666"
"prinz_947","yelp_18700","1.0"
"prinz_8715","yelp_19169","0.9393939393939394"
"prinz_2836","yelp_6019","0.9361111111111112"
"prinz_1417","yelp_8501","1.0"
"prinz_7947","yelp_1301","0.9444444444444443"
"prinz_4473","yelp_16905","1.0"
"prinz_6377","yelp_23061","1.0"
"prinz_7401","yelp_5272","1.0"
"prinz_9924","yelp_7371","1.0"
"prinz_8418","yelp_34527","1.0"
"prinz_5222","yelp_8428","1.0"
"prinz_9076","yelp_916","1.0"
"prinz_3548","yelp_893","1.0"
"prinz_7600","yelp_13880","1.0"
"prinz_1889","yelp_24102","0.9"
"prinz_6100","yelp_32619","1.0"
"prinz_5851","yelp_28655","1.0"
"prinz_8651","yelp_13457","1.0"
"prinz_7362","yelp_20351","1.0"
"prinz_5307","yelp_6822","0.9333333333333332"
"prinz_4235","yelp_18946","0.9047619047619048"
"prinz_5066","yelp_21474","0.9249084249084248"
"prinz_7968","yelp_24071","1.0"
"prinz_2338","yelp_15266","0.9841269841269842"
"prinz_8820","yelp_789","1.0"
"prinz_6980","yelp_16637","1.0"
"prinz_9708","yelp_10188","1.0"
"prinz_5926","yelp_20637","0.9"
"prinz_6748","yelp_5500","1.0"
"prinz_5003","yelp_7055","1.0"
"prinz_7801","yelp_31447","0.9444444444444443"
"prinz_4973","yelp_30638","1.0"
"prinz_3887","yelp_18188","0.9855072463768115"
"prinz_1296","yelp_26565","1.0"
"prinz_1545","yelp_6494","1.0"
"prinz_4987","yelp_5501","1.0"
"prinz_1060","yelp_18219","0.9037037037037038"
"prinz_5238","yelp_8803","0.935483870967742"
"prinz_6210","yelp_21106","0.9166666666666666"
"prinz_773","yelp_3623","1.0"
"prinz_1063","yelp_7546","0.9153846153846154"
"prinz_5472","yelp_30329","1.0"
"prinz_2077","yelp_28247","0.9090909090909092"
"prinz_5434","yelp_20619","1.0"
"prinz_7031","yelp_25197","0.9117647058823529"
"prinz_5400","yelp_23401","0.9629629629629629"
"prinz_112","yelp_8234","1.0"
"prinz_5987","yelp_11844","1.0"
"prinz_6233","yelp_6548","1.0"
"prinz_7542","yelp_7547","1.0"
"prinz_800","yelp_33476","0.9298245614035089"
"prinz_9364","yelp_33006","1.0"
"prinz_2510","yelp_10349","1.0"
"prinz_9138","yelp_30801","1.0"
"prinz_6223","yelp_13024","1.0"
"prinz_802","yelp_8188","0.9365079365079364"
"prinz_5979","yelp_8115","0.9777777777777779"
"prinz_9317","yelp_26313","0.9333333333333332"
"prinz_7069","yelp_959","0.9583333333333334"
"prinz_8128","yelp_27003","1.0"
"prinz_9629","yelp_11502","1.0"
"prinz_7641","yelp_651","1.0"
"prinz_2426","yelp_21389","1.0"
"prinz_2698","yelp_23479","1.0"
"prinz_402","yelp_22864","0.9130434782608695"
"prinz_6593","yelp_5959","1.0"
"prinz_977","yelp_28241","1.0"
"prinz_4597","yelp_19861","1.0"
"prinz_7535","yelp_6897","1.0"
"prinz_7232","yelp_26502","0.9629629629629629"
"prinz_2592","yelp_32340","0.9298245614035089"
"prinz_5835","yelp_3461","1.0"
"prinz_9340","yelp_19196","1.0"
"prinz_3263","yelp_5589","0.9301994301994302"
"prinz_8689","yelp_21795","0.9047619047619048"
"prinz_2162","yelp_31211","1.0"
"prinz_6656","yelp_17823","1.0"
"prinz_7094","yelp_4476","1.0"
"prinz_6157","yelp_24879","0.9444444444444443"
"prinz_7911","yelp_25216","0.9649122807017544"
"prinz_2010","yelp_21774","0.9"
"prinz_4064","yelp_7439","0.9791666666666666"
"prinz_8140","yelp_19440","0.9682539682539683"
"prinz_5929","yelp_5498","1.0"
"prinz_483","yelp_34757","1.0"
"prinz_4756","yelp_15947","1.0"
"prinz_7207","yelp_2996","1.0"
"prinz_8329","yelp_16710","0.9019607843137255"
"prinz_2632","yelp_16478","0.9166666666666666"
"prinz_7996","yelp_777","0.9285714285714285"
"prinz_9067","yelp_19207","0.9629629629629629"
"prinz_6682","yelp_23585","1.0"
"prinz_7866","yelp_26408","1.0"
"prinz_2824","yelp_23468","0.9607843137254902"
"prinz_7854","yelp_28019","1.0"
"prinz_5304","yelp_5795","0.9666666666666667"
"prinz_5672","yelp_2334","1.0"
"prinz_762","yelp_29733","0.9130434782608695"
"prinz_8442","yelp_1471","1.0"
"prinz_1160","yelp_17074","0.9649122807017544"
"prinz_7403","yelp_12663","1.0"
"prinz_5029","yelp_3779","1.0"
"prinz_1392","yelp_17288","0.9696969696969697"
"prinz_7342","yelp_30735","1.0"
"prinz_7192","yelp_14627","1.0"
"prinz_2336","yelp_34784","1.0"
"prinz_9123","yelp_25630","1.0"
"prinz_6476","yelp_11555","1.0"
"prinz_1242","yelp_5065","1.0"
"prinz_4899","yelp_14626","1.0"
"prinz_5937","yelp_14266","0.9333333333333332"
"prinz_7735","yelp_34802","1.0"
"prinz_2758","yelp_30291","0.9523809523809524"
"prinz_75","yelp_19623","0.9791666666666666"
"prinz_1172","yelp_1430","1.0"
"prinz_6484","yelp_18368","1.0"
"prinz_5541","yelp_12647","1.0"
"prinz_7086","yelp_28819","1.0"
"prinz_4919","yelp_15895","0.9629629629629629"
"prinz_1862","yelp_9555","1.0"
"prinz_1096","yelp_5452","0.9420289855072465"
"prinz_8660","yelp_8764","1.0"
"prinz_8750","yelp_2749","1.0"
"prinz_4591","yelp_8750","0.9444444444444443"
"prinz_4968","yelp_15031","1.0"
"prinz_2921","yelp_2928","1.0"
"prinz_8912","yelp_11447","0.9090909090909092"
"prinz_7292","yelp_13376","0.9166666666666666"
"prinz_7655","yelp_9010","1.0"
"prinz_8695","yelp_4655","1.0"
"prinz_9706","yelp_13167","1.0"
"prinz_7733","yelp_9557","1.0"
"prinz_7084","yelp_4331","0.9583333333333334"
"prinz_922","yelp_19794","1.0"
"prinz_2640","yelp_28635","0.918918918918919"
"prinz_8520","yelp_22348","0.9523809523809524"
"prinz_1886","yelp_24988","0.9166666666666666"
"prinz_6449","yelp_33581","0.9"
"prinz_7792","yelp_22962","1.0"
"prinz_1383","yelp_30285","0.9298245614035089"
"prinz_2671","yelp_32264","0.9130434782608695"
"prinz_3504","yelp_7358","1.0"
"prinz_6901","yelp_12553","0.9791666666666666"
"prinz_821","yelp_27098","1.0"
"prinz_8113","yelp_32018","0.9487179487179488"
"prinz_7679","yelp_18235","1.0"
"prinz_2117","yelp_18108","1.0"
"prinz_4399","yelp_2982","0.9245614035087719"
"prinz_12","yelp_15305","1.0"
"prinz_8309","yelp_23493","0.9"
"prinz_2525","yelp_14123","1.0"
"prinz_4866","yelp_20693","1.0"
"prinz_465","yelp_15035","0.927536231884058"
"prinz_4109","yelp_31677","1.0"
"prinz_1944","yelp_6261","0.9523809523809524"
"prinz_3412","yelp_5442","0.9333333333333332"
"prinz_8477","yelp_24129","1.0"
"prinz_70","yelp_21378","1.0"
"prinz_3658","yelp_12220","1.0"
"prinz_7005","yelp_12787","0.9166666666666666"
"prinz_5771","yelp_2695","0.9607843137254902"
"prinz_7409","yelp_12188","0.9466666666666667"
"prinz_5456","yelp_14020","0.9259259259259259"
"prinz_4238","yelp_29141","1.0"
"prinz_8384","yelp_6547","1.0"
"prinz_3889","yelp_19560","1.0"
"prinz_2969","yelp_16320","1.0"
"prinz_8564","yelp_1082","0.9047619047619048"
"prinz_4869","yelp_12824","1.0"
"prinz_2074","yelp_7342","1.0"
"prinz_8468","yelp_4265","1.0"
"prinz_7410","yelp_19534","1.0"
"prinz_6830","yelp_14681","1.0"
"prinz_6308","yelp_476","1.0"
"prinz_1925","yelp_15900","1.0"
"prinz_3891","yelp_32291","0.9195402298850576"
"prinz_2680","yelp_33073","0.9047619047619048"
"prinz_9832","yelp_33658","1.0"
"prinz_9911","yelp_32078","1.0"
"prinz_7253","yelp_3841","0.9"
"prinz_4103","yelp_23276","1.0"
"prinz_8274","yelp_30367","0.9803921568627452"
"prinz_6795","yelp_2838","1.0"
"prinz_10003","yelp_15098","0.9047619047619048"
"prinz_4392","yelp_32435","1.0"
"prinz_6968","yelp_26441","1.0"
"prinz_7261","yelp_7366","0.9259259259259259"
"prinz_9752","yelp_2385","0.9365079365079364"
"prinz_8998","yelp_5028","1.0"
"prinz_9373","yelp_14469","0.9803921568627452"
"prinz_7706","yelp_24993","1.0"
"prinz_5462","yelp_8213","1.0"
"prinz_9831","yelp_15540","1.0"
"prinz_7392","yelp_20510","0.9682539682539683"
"prinz_9099","yelp_21541","1.0"
"prinz_8629","yelp_25328","1.0"
"prinz_9659","yelp_19374","1.0"
"prinz_4368","yelp_14820","1.0"
"prinz_5152","yelp_10546","0.9313725490196078"
"prinz_8119","yelp_34771","1.0"
"prinz_9919","yelp_26684","0.9629629629629629"
"prinz_5394","yelp_12815","0.9487179487179488"
"prinz_2721","yelp_3277","1.0"
"prinz_7343","yelp_34722","0.9215686274509803"
"prinz_9595","yelp_25447","1.0"
"prinz_2115","yelp_26910","1.0"
"prinz_1729","yelp_5071","1.0"
"prinz_2617","yelp_26815","0.9166666666666666"
"prinz_7795","yelp_11485","0.9012345679012346"
"prinz_5136","yelp_14396","1.0"
"prinz_9095","yelp_11709","1.0"
"prinz_8293","yelp_1313","1.0"
"prinz_1257","yelp_25706","0.9761904761904763"
"prinz_1573","yelp_20019","1.0"
"prinz_9221","yelp_31112","1.0"
"prinz_8143","yelp_6340","1.0"
"prinz_4978","yelp_14944","1.0"
"prinz_5447","yelp_5768","0.9861111111111112"
"prinz_8713","yelp_2977","1.0"
"prinz_4057","yelp_20094","1.0"
"prinz_248","yelp_14917","1.0"
"prinz_679","yelp_31401","1.0"
"prinz_3825","yelp_12470","0.9"
"prinz_6388","yelp_34671","1.0"
"prinz_7825","yelp_29882","1.0"
"prinz_3503","yelp_27344","0.9607843137254902"
"prinz_8569","yelp_13990","1.0"
"prinz_9193","yelp_7614","1.0"
"prinz_7358","yelp_34864","0.9259259259259259"
"prinz_3415","yelp_32276","1.0"
"prinz_7030","yelp_20642","0.9"
"prinz_9699","yelp_23233","1.0"
"prinz_804","yelp_8184","0.9841269841269842"
"prinz_7091","yelp_8275","1.0"
"prinz_9244","yelp_2700","0.9444444444444443"
"prinz_7212","yelp_12715","0.957351290684624"
"prinz_9216","yelp_30790","0.9047619047619048"
"prinz_5873","yelp_17238","0.9444444444444445"
"prinz_8198","yelp_16554","0.9722222222222222"
"prinz_1645","yelp_7607","1.0"
"prinz_8751","yelp_33362","1.0"
"prinz_8080","yelp_33620","1.0"
"prinz_4114","yelp_22259","0.9629629629629629"
"prinz_4996","yelp_29308","1.0"
"prinz_8575","yelp_4129","1.0"
"prinz_4485","yelp_32730","1.0"
"prinz_8304","yelp_5142","1.0"
"prinz_2575","yelp_18630","0.9259259259259259"
"prinz_6302","yelp_25226","0.9259259259259259"
"prinz_8265","yelp_34694","0.9583333333333334"
"prinz_9987","yelp_27654","1.0"
"prinz_5703","yelp_24972","1.0"
"prinz_9131","yelp_26269","0.9666666666666667"
"prinz_2914","yelp_32702","1.0"
"prinz_9533","yelp_20860","1.0"
"prinz_851","yelp_10297","1.0"
"prinz_5408","yelp_24828","0.981981981981982"
"prinz_2042","yelp_28297","0.9473684210526315"
"prinz_8518","yelp_19690","1.0"
"prinz_4985","yelp_17917","0.9"
"prinz_8082","yelp_29677","0.9047619047619048"
"prinz_2738","yelp_16566","0.9"
"prinz_37","yelp_6573","1.0"
"prinz_9588","yelp_14151","1.0"
"prinz_4195","yelp_21766","1.0"
"prinz_7083","yelp_5584","1.0"
"prinz_8571","yelp_1778","1.0"
"prinz_7734","yelp_2651","1.0"
"prinz_5153","yelp_20256","0.9696969696969697"
"prinz_7601","yelp_9333","1.0"
"prinz_2258","yelp_26101","1.0"
"prinz_7291","yelp_32336","0.9444444444444443"
"prinz_8046","yelp_2727","0.9298245614035089"
"prinz_7952","yelp_31336","1.0"
"prinz_2291","yelp_862","0.9166666666666666"
"prinz_3455","yelp_8896","0.9791666666666666"
"prinz_1425","yelp_16110","1.0"
"prinz_364","yelp_29855","0.9814814814814815"
"prinz_23","yelp_2864","1.0"
"prinz_290","yelp_13266","0.9722222222222222"
"prinz_6990","yelp_5936","1.0"
"prinz_8382","yelp_28857","1.0"
"prinz_6729","yelp_19084","1.0"
"prinz_6271","yelp_3033","1.0"
"prinz_5484","yelp_14134","0.9130434782608695"
"prinz_8258","yelp_34255","0.9733333333333333"
"prinz_2627","yelp_14086","0.9583333333333334"
"prinz_2165","yelp_20211","0.9629629629629629"
"prinz_7598","yelp_27940","1.0"
"prinz_9575","yelp_14892","1.0"
"prinz_8087","yelp_11606","0.9222222222222222"
"prinz_8361","yelp_19122","0.9555555555555556"
"prinz_9411","yelp_1453","0.9523809523809524"
"prinz_5892","yelp_19001","0.9215686274509803"
"prinz_6288","yelp_2680","1.0"
"prinz_1652","yelp_20272","1.0"
"prinz_2033","yelp_31420","1.0"
"prinz_5272","yelp_9638","1.0"
"prinz_7827","yelp_18894","1.0"
"prinz_5130","yelp_11717","1.0"
"prinz_4174","yelp_13066","1.0"
"prinz_9747","yelp_29406","0.9047619047619048"
"prinz_9401","yelp_8376","0.9371345029239766"
"prinz_7834","yelp_4791","0.9523809523809524"
"prinz_4347","yelp_11932","1.0"
"prinz_8672","yelp_30042","1.0"
"prinz_6869","yelp_14280","0.9130434782608695"
"prinz_8107","yelp_26015","1.0"
"prinz_2418","yelp_5104","1.0"
"prinz_9641","yelp_31400","1.0"
"prinz_8566","yelp_32736","0.9259259259259259"
"prinz_8421","yelp_8126","1.0"
"prinz_9019","yelp_732","1.0"
"prinz_2759","yelp_18161","1.0"
"prinz_3920","yelp_30372","1.0"
"prinz_9900","yelp_24216","1.0"
"prinz_3961","yelp_17187","1.0"
"prinz_1757","yelp_12258","0.9387254901960785"
"prinz_1164","yelp_34451","1.0"
"prinz_8296","yelp_385","1.0"
"prinz_3641","yelp_5893","1.0"
"prinz_6487","yelp_34715","1.0"
"prinz_6549","yelp_2424","1.0"
"prinz_9827","yelp_673","0.9649122807017544"
"prinz_8499","yelp_561","1.0"
"prinz_7307","yelp_33455","1.0"
"prinz_8603","yelp_32927","0.9583333333333334"
"prinz_6084","yelp_33149","1.0"
"prinz_7522","yelp_23663","0.9166666666666666"
"prinz_5961","yelp_34548","0.9523809523809524"
"prinz_1682","yelp_21483","1.0"
"prinz_8579","yelp_18118","0.9"
"prinz_8206","yelp_29800","0.9"
"prinz_1320","yelp_5180","1.0"
"prinz_111","yelp_34201","1.0"
"prinz_7849","yelp_17337","0.9791666666666666"
"prinz_7563","yelp_33164","1.0"
"prinz_7131","yelp_20062","1.0"
"prinz_5596","yelp_31227","1.0"
"prinz_8794","yelp_21498","1.0"
"prinz_8436","yelp_13856","1.0"
"prinz_583","yelp_32161","1.0"
"prinz_5074","yelp_10722","0.9"
"prinz_9912","yelp_16705","1.0"
"prinz_8336","yelp_34228","1.0"
"prinz_5925","yelp_5177","1.0"
"prinz_9159","yelp_22749","0.9259259259259259"
"prinz_1208","yelp_10106","1.0"
"prinz_8963","yelp_27448","0.9833333333333334"
"prinz_9955","yelp_26773","1.0"
"prinz_294","yelp_27967","0.9666666666666667"
"prinz_2689","yelp_30059","1.0"
"prinz_2583","yelp_14023","1.0"
"prinz_5036","yelp_2714","0.9761904761904763"
"prinz_7052","yelp_29661","0.9523809523809524"
"prinz_1318","yelp_9583","1.0"
"prinz_3625","yelp_15156","0.9047619047619048"
"prinz_4525","yelp_8897","0.9292929292929294"
"prinz_3599","yelp_15996","1.0"
"prinz_7574","yelp_34600","0.9607843137254902"
"prinz_4854","yelp_27442","1.0"
"prinz_9107","yelp_8356","0.9"
"prinz_759","yelp_23579","0.9215686274509803"
"prinz_8229","yelp_11418","1.0"
"prinz_9923","yelp_31968","0.9153846153846154"
"prinz_5651","yelp_15982","0.9696969696969697"
"prinz_8099","yelp_7092","1.0"
"prinz_5767","yelp_219","0.9523809523809524"
"prinz_9650","yelp_17343","0.9523809523809524"
"prinz_3532","yelp_18024","0.9555555555555556"
"prinz_701","yelp_21730","1.0"
"prinz_9535","yelp_7100","0.9444444444444445"
"prinz_4142","yelp_12091","1.0"
"prinz_6193","yelp_21226","0.9259259259259259"
"prinz_8811","yelp_24791","1.0"
"prinz_7331","yelp_14105","1.0"
"prinz_7391","yelp_2421","1.0"
"prinz_4169","yelp_485","1.0"
"prinz_1771","yelp_34278","0.9047619047619048"
"prinz_5452","yelp_27199","0.9761904761904763"
"prinz_7298","yelp_30388","0.9607843137254902"
"prinz_6301","yelp_7847","1.0"
"prinz_8412","yelp_985","1.0"
"prinz_8415","yelp_20120","1.0"
"prinz_2425","yelp_25082","0.9487179487179488"
"prinz_8147","yelp_935","1.0"
"prinz_2229","yelp_17765","1.0"
"prinz_87","yelp_32708","1.0"
"prinz_8634","yelp_17177","1.0"
"prinz_9311","yelp_4921","1.0"
"prinz_8433","yelp_24392","1.0"
"prinz_5359","yelp_27543","0.9682539682539683"
"prinz_8916","yelp_27621","1.0"
"prinz_955","yelp_29419","0.9310344827586207"
"prinz_1278","yelp_21304","1.0"
"prinz_1054","yelp_19201","1.0"
"prinz_1211","yelp_20631","0.9777777777777779"
"prinz_477","yelp_19589","0.9682539682539683"
"prinz_63","yelp_28550","1.0"
"prinz_4301","yelp_28343","0.9459876543209876"
"prinz_4004","yelp_28795","1.0"
"prinz_4053","yelp_25490","0.9444444444444445"
"prinz_557","yelp_8512","1.0"
"prinz_9857","yelp_32716","0.9523809523809524"
"prinz_2589","yelp_29539","0.96"
"prinz_4510","yelp_30470","1.0"
"prinz_1885","yelp_6862","0.9583333333333334"
"prinz_5646","yelp_5908","0.9743589743589745"
"prinz_467","yelp_3221","1.0"
"prinz_6191","yelp_10455","0.9111111111111111"
"prinz_4490","yelp_32285","0.9393939393939394"
"prinz_4733","yelp_27385","0.9629629629629629"
"prinz_8034","yelp_2920","0.9111111111111111"
"prinz_8197","yelp_9251","1.0"
"prinz_4826","yelp_18338","1.0"
"prinz_1764","yelp_21094","1.0"
"prinz_1191","yelp_15081","0.9722222222222223"
"prinz_9645","yelp_20647","0.9649122807017544"
"prinz_7951","yelp_28500","0.9666666666666667"
"prinz_9481","yelp_30102","0.9385620915032679"
"prinz_8614","yelp_8757","1.0"
"prinz_7829","yelp_25057","1.0"
"prinz_6911","yelp_20637","0.9206349206349206"
"prinz_6589","yelp_2862","1.0"
"prinz_6793","yelp_19208","0.9487179487179488"
"prinz_8090","yelp_17230","1.0"
"prinz_7051","yelp_8770","1.0"
"prinz_5252","yelp_14559","1.0"
"prinz_9972","yelp_6949","1.0"
"prinz_8264","yelp_32338","0.9523809523809524"
"prinz_9626","yelp_20710","1.0"
"prinz_9965","yelp_27453","1.0"
"prinz_2822","yelp_6679","1.0"
"prinz_6799","yelp_34252","0.9019607843137255"
"prinz_8281","yelp_370","1.0"
"prinz_4432","yelp_1605","0.9649122807017544"
"prinz_52","yelp_6437","0.934609250398724"
"prinz_6961","yelp_11696","0.9047619047619048"
"prinz_1587","yelp_8138","1.0"
"prinz_8201","yelp_30184","1.0"
"prinz_9904","yelp_18691","0.9019607843137255"
"prinz_6069","yelp_18570","0.9019607843137255"
"prinz_164","yelp_1940","1.0"
"prinz_4412","yelp_2935","1.0"
"prinz_1752","yelp_5410","0.9212962962962963"
"prinz_8177","yelp_33972","0.9444444444444445"
"prinz_5858","yelp_6313","1.0"
"prinz_1274","yelp_21514","1.0"
"prinz_55","yelp_9661","0.9666666666666667"
"prinz_925","yelp_11355","0.9629629629629629"
"prinz_6473","yelp_34751","0.9770114942528735"
"prinz_9054","yelp_19252","0.9555555555555556"
"prinz_5914","yelp_28331","1.0"
"prinz_9914","yelp_27640","1.0"
"prinz_6985","yelp_19895","0.9"
"prinz_9116","yelp_9290","0.9583333333333334"
"prinz_4524","yelp_21156","0.9425287356321839"
"prinz_5825","yelp_26966","1.0"
"prinz_10008","yelp_879","1.0"
"prinz_9261","yelp_6132","0.9607843137254902"
"prinz_7220","yelp_13801","0.9696969696969697"
"prinz_7524","yelp_7985","0.9"
"prinz_251","yelp_24654","1.0"
"prinz_5141","yelp_3677","0.9761904761904763"
"prinz_1070","yelp_31787","1.0"
"prinz_2912","yelp_6281","0.923076923076923"
"prinz_1981","yelp_13454","0.9031746031746032"
"prinz_6029","yelp_22165","0.9019607843137255"
"prinz_9189","yelp_13945","0.9649122807017544"
"prinz_9253","yelp_3561","0.9130434782608695"
"prinz_9177","yelp_1469","0.9"
"prinz_7478","yelp_24190","1.0"
"prinz_6987","yelp_15201","0.9027777777777777"
"prinz_2421","yelp_26305","1.0"
"prinz_7590","yelp_11467","0.9761904761904763"
"prinz_2475","yelp_4035","0.9710144927536232"
"prinz_7085","yelp_18829","0.9393939393939394"
"prinz_9191","yelp_2991","1.0"
"prinz_4839","yelp_22650","1.0"
"prinz_9505","yelp_7707","1.0"
"prinz_7064","yelp_5906","1.0"
"prinz_7181","yelp_2090","1.0"
"prinz_5938","yelp_32653","0.9393939393939394"
"prinz_9822","yelp_30017","0.9629629629629629"
"prinz_8606","yelp_11217","1.0"
"prinz_45","yelp_7949","1.0"
"prinz_9518","yelp_11574","0.9848484848484849"
"prinz_3447","yelp_15798","0.9111111111111111"
"prinz_30","yelp_27391","1.0"
"prinz_5940","yelp_33713","1.0"
"prinz_1609","yelp_11223","0.9649122807017544"
"prinz_5376","yelp_14324","1.0"
"prinz_4008","yelp_23261","1.0"
"prinz_8753","yelp_10133","0.9"
"prinz_9506","yelp_4636","1.0"
"prinz_3239","yelp_34207","0.9259259259259259"
"prinz_3908","yelp_684","1.0"
"prinz_5312","yelp_13112","0.9555555555555556"
"prinz_8836","yelp_32735","1.0"
"prinz_2","yelp_13354","1.0"
"prinz_8169","yelp_18037","1.0"
"prinz_5015","yelp_11937","1.0"
"prinz_8355","yelp_3536","0.9666666666666667"
"prinz_8077","yelp_22525","1.0"
"prinz_9537","yelp_3629","1.0"
"prinz_6199","yelp_33228","1.0"
"prinz_8378","yelp_30288","1.0"
"prinz_86","yelp_12564","1.0"
"prinz_5054","yelp_32705","1.0"
"prinz_104","yelp_25468","1.0"
"prinz_124","yelp_16215","0.9841269841269842"
"prinz_7865","yelp_22933","1.0"
"prinz_6345","yelp_2461","0.9682539682539683"
"prinz_9238","yelp_8139","0.9259259259259259"
"prinz_1326","yelp_6040","1.0"
"prinz_5253","yelp_15419","0.9444444444444445"
"prinz_9884","yelp_31768","1.0"
"prinz_9389","yelp_32399","1.0"
"prinz_174","yelp_14437","0.9404761904761904"
"prinz_9714","yelp_9137","1.0"
"prinz_8408","yelp_5186","1.0"
"prinz_9709","yelp_12303","1.0"
"prinz_7904","yelp_5517","0.9425287356321839"
"prinz_7099","yelp_18154","1.0"
"prinz_8555","yelp_30524","1.0"
"prinz_8907","yelp_32190","1.0"
"prinz_8838","yelp_20524","1.0"
"prinz_8511","yelp_23609","1.0"
"prinz_5327","yelp_1379","0.9770114942528735"
"prinz_2059","yelp_6420","1.0"
"prinz_8973","yelp_32465","1.0"
"prinz_2282","yelp_23013","1.0"
"prinz_5636","yelp_2832","1.0"
"prinz_7191","yelp_832","1.0"
"prinz_1215","yelp_10488","0.9420289855072465"
"prinz_8078","yelp_20294","1.0"
"prinz_1786","yelp_9268","1.0"
"prinz_9064","yelp_31582","1.0"
"prinz_9275","yelp_1600","1.0"
"prinz_2113","yelp_18716","0.9310344827586207"
"prinz_7591","yelp_30394","1.0"
"prinz_6908","yelp_15807","0.9583333333333334"
"prinz_2833","yelp_33334","0.9166666666666666"
"prinz_8684","yelp_33178","1.0"
"prinz_5568","yelp_7493","1.0"
"prinz_140","yelp_24098","0.9833333333333334"
"prinz_7167","yelp_17570","1.0"
"prinz_2516","yelp_31775","1.0"
"prinz_8157","yelp_2904","1.0"
"prinz_8374","yelp_23330","1.0"
"prinz_8342","yelp_34796","0.9523809523809524"
"prinz_4689","yelp_962","1.0"
"prinz_7104","yelp_21248","0.9487179487179488"
"prinz_7672","yelp_33206","1.0"
"prinz_8115","yelp_5719","0.9696969696969697"
"prinz_8734","yelp_26349","1.0"
"prinz_6117","yelp_22208","1.0"
"prinz_4512","yelp_2556","1.0"
"prinz_6310","yelp_29201","0.9333333333333332"
"prinz_8434","yelp_20489","0.9666666666666667"
"prinz_7472","yelp_30399","1.0"
"prinz_6118","yelp_17918","1.0"
"prinz_618","yelp_33644","1.0"
"prinz_8670","yelp_15264","1.0"
"prinz_7438","yelp_4961","1.0"
"prinz_6684","yelp_6891","0.9"
"prinz_8510","yelp_20359","1.0"
"prinz_4409","yelp_9230","0.9629629629629629"
"prinz_8556","yelp_27630","0.9743589743589745"
"prinz_847","yelp_2814","0.9545454545454546"
"prinz_4998","yelp_8647","1.0"
"prinz_7518","yelp_15584","1.0"
"prinz_6888","yelp_10259","1.0"
"prinz_8447","yelp_26606","1.0"
"prinz_5445","yelp_34609","1.0"
"prinz_4898","yelp_31616","1.0"
"prinz_4924","yelp_27191","1.0"
"prinz_291","yelp_26823","0.9555555555555556"
"prinz_781","yelp_12913","0.9259259259259259"
"prinz_3669","yelp_20147","0.9637681159420289"
"prinz_1842","yelp_2867","1.0"
"prinz_8804","yelp_33677","1.0"
"prinz_8453","yelp_28308","1.0"
"prinz_6446","yelp_6086","1.0"
"prinz_7428","yelp_33174","0.9682539682539683"
"prinz_2466","yelp_14598","1.0"
"prinz_3644","yelp_3782","1.0"
"prinz_7201","yelp_22775","1.0"
"prinz_1953","yelp_33050","0.9565217391304347"
"prinz_8465","yelp_2411","1.0"
"prinz_9515","yelp_18679","1.0"
"prinz_2238","yelp_34482","1.0"
"prinz_9077","yelp_30963","0.9833333333333334"
"prinz_678","yelp_32515","1.0"
"prinz_665","yelp_11207","1.0"
"prinz_4133","yelp_26836","1.0"
"prinz_1793","yelp_34139","0.9047619047619048"
"prinz_8681","yelp_25012","1.0"
"prinz_8583","yelp_12777","1.0"
"prinz_2742","yelp_30121","0.9629629629629629"
"prinz_9529","yelp_4132","1.0"
"prinz_8245","yelp_27857","1.0"
"prinz_8596","yelp_10298","1.0"
"prinz_4151","yelp_7180","0.9583333333333334"
"prinz_4418","yelp_2108","0.9259259259259259"
"prinz_8623","yelp_5976","0.9444444444444445"
"prinz_466","yelp_3221","0.9666666666666667"
"prinz_7301","yelp_9114","0.9047619047619048"
"prinz_2062","yelp_29438","0.9743589743589745"
"prinz_8676","yelp_27804","0.9761904761904763"
"prinz_8114","yelp_33794","1.0"
"prinz_9613","yelp_34871","0.9047619047619048"
"prinz_7769","yelp_29136","1.0"
"prinz_7172","yelp_20170","1.0"
"prinz_1165","yelp_31588","1.0"
"prinz_751","yelp_15487","1.0"
"prinz_7341","yelp_22371","0.9555555555555556"
"prinz_8450","yelp_31887","0.9710144927536232"
"prinz_2408","yelp_30486","1.0"
"prinz_5085","yelp_21487","1.0"
"prinz_9935","yelp_5635","1.0"
"prinz_2030","yelp_16892","0.9523809523809524"
"prinz_7727","yelp_2525","1.0"
"prinz_5931","yelp_27649","1.0"
"prinz_8984","yelp_8312","1.0"
"prinz_1895","yelp_20754","1.0"
"prinz_9262","yelp_17569","1.0"
"prinz_7313","yelp_26386","1.0"
"prinz_8194","yelp_23731","1.0"
"prinz_9023","yelp_759","0.9259259259259259"
"prinz_816","yelp_14252","0.9285714285714285"
"prinz_8680","yelp_15484","0.9259259259259259"
"prinz_7872","yelp_25123","0.9629629629629629"
"prinz_7528","yelp_5691","0.9523809523809524"
"prinz_3523","yelp_32186","1.0"
"prinz_2094","yelp_13219","0.9555555555555556"
"prinz_3496","yelp_18435","1.0"
"prinz_9322","yelp_33794","0.9777777777777779"
"prinz_9678","yelp_2159","0.9420289855072465"
"prinz_3423","yelp_21707","0.923076923076923"
"prinz_8517","yelp_7829","1.0"
"prinz_7720","yelp_30235","0.9298245614035089"
"prinz_9486","yelp_11230","1.0"
"prinz_4439","yelp_7016","0.9166666666666666"
"prinz_894","yelp_30888","1.0"
"prinz_911","yelp_7361","0.9722222222222223"
"prinz_6212","yelp_29136","0.9"
"prinz_6580","yelp_18293","0.9274509803921568"
"prinz_953","yelp_18071","1.0"
"prinz_9666","yelp_2237","1.0"
"prinz_8482","yelp_28312","1.0"
"prinz_1733","yelp_1760","1.0"
"prinz_6169","yelp_24813","1.0"
"prinz_7983","yelp_30849","0.9649122807017544"
"prinz_8284","yelp_13027","0.9555555555555556"
"prinz_1206","yelp_16360","1.0"
"prinz_2616","yelp_32262","1.0"
"prinz_8673","yelp_15739","1.0"
"prinz_1004","yelp_21984","1.0"
"prinz_9282","yelp_13456","0.9761904761904763"
"prinz_899","yelp_10732","1.0"
"prinz_9964","yelp_3563","1.0"
"prinz_8435","yelp_4705","1.0"
"prinz_311","yelp_34006","1.0"
"prinz_5679","yelp_21733","1.0"
"prinz_8618","yelp_21080","1.0"
"prinz_1670","yelp_25780","1.0"
"prinz_9858","yelp_34164","1.0"
"prinz_1945","yelp_34762","1.0"
"prinz_4944","yelp_21399","1.0"
"prinz_9066","yelp_27197","1.0"
"prinz_2019","yelp_33725","0.9268774703557313"
"prinz_6088","yelp_5920","0.9130434782608695"
"prinz_8691","yelp_29685","1.0"
"prinz_4803","yelp_31053","0.9166666666666666"
"prinz_8383","yelp_28980","1.0"
"prinz_3912","yelp_30305","1.0"
"prinz_8918","yelp_19890","0.9130434782608695"
"prinz_3380","yelp_6633","1.0"
"prinz_9168","yelp_28363","0.9333333333333332"
"prinz_8535","yelp_15709","1.0"
"prinz_9359","yelp_18682","1.0"
"prinz_7748","yelp_34651","1.0"
"prinz_8009","yelp_18281","1.0"
"prinz_8791","yelp_7384","1.0"
"prinz_8018","yelp_30497","1.0"
"prinz_7647","yelp_31975","1.0"
"prinz_1460","yelp_8558","0.9444444444444445"
"prinz_5082","yelp_23913","1.0"
"prinz_8472","yelp_24717","0.9666666666666667"
"prinz_9685","yelp_29977","0.9696969696969697"
"prinz_8429","yelp_31819","0.9027777777777777"
"prinz_92","yelp_23715","0.9444444444444443"
"prinz_7123","yelp_13694","1.0"
"prinz_6099","yelp_32470","0.9298245614035089"
